text,label
"the gray , medium - sized , rectangular building",1
"the brown , large building",1
tall structures,1
multiple rows,0
", tall building",1
grid - like window patterns,0
many windows,0
another large building,1
its light gray color,0
balcony - like structures,1
"a tall , multi - story skyscraper",1
"large , beige windows",0
arched tops,0
a cityscape,1
large gray modern high - rise buildings,1
Gradually veer,0
a small beige rectangular accessory,0
a handle,0
a building,1
a slight right adjustment,0
a gray skyscraper,1
its height,0
a tall gray and white building,1
numerous windows,0
a medium - sized gray structure,1
modern architectural design,0
a tall gray building,1
an affixed crane structure,1
the large grey building,1
its multi,0
modern architecture,0
the medium - sized light gray modern building,1
its flat roof,1
stone tiles,0
the beige tall building,1
grid windows,0
a large high - rise office,0
beige office building,1
rectangular windows,0
a brick and concrete exterior,1
the gray and red brick building,1
uniform rectangular windows,0
red brick and gray concrete panels,0
a medium,0
large high - rise commercial or residential structure,1
a large light gray rectangular building,1
numerous horizontal window lines,0
"Then , slightly veer",0
the left,0
a medium,0
large beige office building,1
glass windows,0
horizontal lines,0
a large white skyscraper,1
its rectangular design,0
vertical black windows,0
"a tall , narrow modern high - rise building",1
a dark appearance,0
reflective glass panels,0
vertical black glossy surfaces,1
the frame,0
a large gray building,1
rectangular windows,0
a medium - sized commercial building,1
beige and black color,0
vertical black sections,0
the middle,0
a large modern skyscraper facade,1
a grid - like window pattern,0
the enormous gray skyscraper,1
a grid - like window pattern,0
the large red brick building,1
its multi -story rectangular structure,1
the large beige skyscraper,1
its tall shape,0
vertical windows,0
the sizable grey office building,1
rectangular windows,0
a grid pattern,0
the medium gray commercial building,1
a flat roof,1
rooftop structures,1
"a large , beige office building",1
rectangular windows,0
repetitive vertical and horizontal patterns,0
"a large , gray urban skyscraper",1
distinct rectangular balconies,0
a medium - to - large building,1
a white and dark brown color scheme,0
a grid - patterned facade,1
horizontal slats,0
"a medium - height , modern structure",1
dark accents,0
a rectangular grid - like facade,1
textured tiles,0
horizontal dark slats,0
uniform sections,0
either a modern office or residential building,1
the beige building,1
large rectangular windows,0
the light grey,0
brown medium height apartment building,1
a rectangular shape,0
multiple windows,0
the white skyscraper,1
its tall stature,0
the largest building,1
the right,0
the grey rectangular building,1
a flat rooftop,1
the gray tall rectangular office building,1
horizontal and vertical window segments,0
straight and slightly veer,0
a modern facade,1
large reflective windows,0
concrete panels,0
your way,0
the cream structure,1
a blue rooftop,1
a stepped design,0
a glassy dome,0
This building,1
the surrounding buildings,1
a modern skyscraper,1
the right,0
"a large , beige building",1
a concrete facade,1
"another large , tan building",1
a spire,0
"a large , dome - shaped building",1
"a large , light brown skyscraper",1
"a very large , light beige modern high - rise building",1
the tallest skyscraper,1
repetitive vertical black window stripes,0
the brown office building,1
its medium size,0
multiple stories,0
rectangular windows,0
a dark tint,0
the large gray building,1
its concrete texture,0
horizontal lines,0
the large beige skyscraper,1
a grid,0
the large cream - colored building,1
multiple rectangular windows,0
a grid pattern,0
the beige high - rise building,1
its textured concrete facade,1
vertical lines,0
the large beige office building,1
vertical windows,0
the beige and black tall building,1
vertical stripes,0
a large skyscraper,1
the gray high - rise,0
brown accents,0
This building,1
multiple open balconies,0
horizontal brown slats,0
large windows,0
dark glass panels,0
a commercial or residential skyscraper,1
"a large , light beige building",1
decorative blue trims,0
multiple rows,0
"the tall , prominent white skyscraper",1
a conical top,0
the large gray building,1
"its tall , rectangular form and window patterns",0
the medium - sized residential building,1
white and brown hues,0
rounded windows,0
a black shingled roof,1
a slight left turn,0
your course,0
the tall skyscraper,1
its light brown color,0
dark conical roof,1
the medium - sized office building,1
a modern architectural design,0
a triangular pattern,0
the side,0
the brown building,1
a large rectangular shape,0
multiple windows,0
the beige office building,1
medium size,0
horizontal decor lines,0
a beige skyscraper,1
large rectangular windows,0
a grid pattern,0
a right,0
a gray - and - blue building,1
a tall structure,1
vertical glass windows,0
concrete panels,0
a modern building facade,1
a textured surface,0
large rectangular grid - style windows,0
multiple floors,1
"the large , brown building",1
its rectangular shape,0
multiple windows,0
slightly veer,0
"the large , grey skyscraper",1
the tallest structure,1
the right side,0
the image,0
the building,1
a red brick appearance,0
rectangular windows,0
medium size,0
the light gray building,1
large rectangular windows,0
the right,0
another light gray structure,1
a textured surface,0
similar rectangular windows,0
a gray building,1
a large rectangular flat roof,1
the beige building,1
a rectangular shape,0
black stripes,0
multiple windows,0
a tall high - rise building,1
its red color,0
large vertical glass windows,0
rectangular structure,1
impressive height,0
"a very large , gray skyscraper",1
"its tall , rectangular shape",0
vertical window patterns,0
the tallest black skyscraper,1
a similar vertical window design,0
a large size,0
the tan building,1
its rectangular windows,0
large size,0
the light,0
beige high - rise office building,1
its multiple uniform windows,0
several stories,0
"a large , beige rectangular building",1
a grid,0
a large building,1
a brown and beige patterned brick texture,0
rectangular windows,0
a high - rise red brick building,1
beige concrete elements,0
a repetitive window pattern,0
brick and concrete sections,0
both commercial and residential purposes,0
"a large , black , rectangular building",1
"a large , dark brown",0
rectangular building,1
multiple rooftop structures,1
"a tall , green palm tree",0
a slim trunk,0
a cluster,0
the top,0
"a medium - sized , dark grey",0
rectangular concrete platform,0
"a tall , brown building",1
a brick wall,1
"rectangular , aligned windows",0
"a large , beige building",1
blocky structures,1
rectangular windows,0
a right turn,0
a red - brick commercial building,1
uniform rectangular windows,0
a flat roof,1
medium height,0
the surrounding skyscrapers,1
"the large , tall building",1
grey color,0
rectangular structure,1
vertical lines,0
the modern skyscraper,1
gray color,0
vertical window lines,0
a large grey building,1
horizontally aligned windows,0
a tall commercial / office building,1
a grey exterior,1
brick accents,0
rectangular windows,0
a repeated pattern,0
"a green , medium - sized palm tree",0
detailed palm fronds,0
a central trunk,0
a medium - sized brown building,1
rectangular windows,0
a grid pattern,0
a large and significantly taller orange - brown modern - style high - rise building,1
"its tall , narrow , rectangular structure",1
vertical window lines,0
the surrounding buildings,1
the tall grey skyscraper,1
glass windows,0
then slightly veer,0
the brown building,1
multiple rectangular windows,0
"the large , multi - story grey commercial office building",1
horizontal bands,0
dark windows,0
the gray skyscraper,1
its very large rectangular windows,0
vertical lines,0
a straight line,0
the large building,1
its gray and black colors,0
narrow vertical windows,0
a large office building,1
its grey,0
blue hues,0
rectangular windows,0
a grid pattern,0
the medium - sized part,0
a multi - story building,1
dark window frames,0
a stone - like wall,1
multiple windows,0
its central section,0
an urban residential or office building,1
a beige skyscraper,1
its tall structure,1
a grid,0
dark windows,0
vertical concrete panels,0
the skyscraper building,1
its grey color,0
beige accents,0
vertically striped pattern,0
dark windows,0
tall and narrow size,0
The sequence,0
corresponding landmarks,1
a gray skyscraper,1
a rectangular structure,1
vertical windows,0
another black skyscraper,1
a very large building,1
"a large beige and dark blue tall , multi - level building",1
repetitive window design,0
beige structural elements,0
a tall brown skyscraper,1
a grid pattern,0
the beige building,1
multiple windows,0
an entrance,0
a structure,1
beige and black tones,0
large windows,0
a modern façade,0
a building,1
the beige building,1
large rectangular windows,0
the light gray high - rise building,1
"the tall , rectangular beige building",1
repetitive windows,0
the light beige building,1
a long vertical alignment,0
the facade,1
the top,0
the image,0
the beige building,1
multiple rectangular windows,0
a flat rooftop,1
"the large , cracked wall surface",1
the side,0
a building,1
the very tall and narrow building,1
an off - white color,0
a smooth facade,1
vertical window rows,0
a tall building,1
a white and black grid - like pattern,0
another large building,1
its vertical window alignment,0
a slight right turn,0
a tall skyscraper,1
a beige hue,0
a grid pattern,0
large blue - tinted windows,0
vertical and horizontal lines,0
a light gray building,1
"a tall , rectangular windowed façade",0
Slightly veer,0
"a tall , rectangular building",1
a white exterior,1
black windows,0
a minimalist modern design,0
a prominent vertical window pattern,0
The building,1
a medium,0
large size,0
a tall building,1
a white facade,1
rectangular windows,0
This structure,1
a multi - story building,1
a significant height,0
the white and black modern building,1
vertical black window panels,0
"a tall , multi - story structure",1
dark blue windows,0
a tall rectangular shape,0
multiple vertical dark glass panels,0
This structure,1
significant height,0
the surrounding buildings,1
a tall office building,1
the medium - sized white building,1
multiple black - framed windows,0
rooftop access,1
"Then , slightly veer",0
the left,0
the medium - sized white office building,1
its modern facade,1
dark window panels,0
the high - rise building,1
a beige color,0
dark windows,0
a distinct grid window pattern,0
the frame,0
a beige building,1
multiple black square windows,1
a building,1
a beige skyscraper,1
its tall structure,1
numerous dark windows,0
a grid pattern,0
another beige high - rise building,1
a grid - like window arrangement,0
dark rectangular windows,0
slight protrusions,0
some sections,0
a light gray building,1
a tall rectangular shape,0
multiple windows,0
a tall building,1
its light gray color,0
numerous windows,0
"Then , slightly veer",0
the left,0
the beige building,1
multiple vertical windows,0
a high - rise,0
the gray building,1
vertical window rows,0
facade cracks,1
a tall skyscraper,1
the medium - sized red apartment building,1
the light grey high - rise building,1
tall vertical rows,0
rectangular windows,0
the medium - sized brown commercial building,1
protruding frames,0
the gray building,1
large rectangular windows,0
the large gray high - rise building,1
a checkerboard pattern,0
darker and lighter gray panels,0
an off - white building,1
a rectangular design,0
multiple square windows,1
a white skyscraper,1
black windows,0
a black and white building,1
a tall structure,1
large black grid - patterned windows,0
the image,0
a red building,1
a flat rooftop,1
medium size,0
a medium,0
large commercial or office building,1
light beige color,0
uniform rows,0
rectangular windows,0
two distinctive facades,1
the right side,0
the surrounding structures,1
a gray building,1
large rectangular windows,0
"a "" building "" type",1
a building,1
a red - brown and dark gray color,0
a grid pattern,0
slightly veer,0
another building,1
This one,0
a repeating pattern,0
brick columns,0
a tall structure,1
commercial or residential purposes,0
the beige building,1
large rectangular windows,0
the light brown building,1
darkened window frames,0
a tall structure,1
a repetitive window pattern,0
the frame,0
a light gray urban building,1
large size,0
rectangular windows,0
a flat roof,1
the brown building,1
rectangular windows,0
multiple floors,1
a large structure,1
several stories,0
the light brown commercial or office building,1
symmetrical window patterns,0
classic architectural elements,0
a high - rise commercial building,1
a brown color,0
rectangular windows,0
"the prominently tall , high - rise building",1
its beige and light brown hues,0
multi-story windows,0
"a beige - colored , high - rise building",1
"its large , rectangular structure",1
a grid - like window pattern,0
a beige skyscraper,1
an art deco design,0
a stepped pyramid top,0
a height,0
another beige skyscraper,1
a rectangular grid pattern,0
other buildings,1
a modern skyscraper,1
a large building rooftop,1
light gray color,0
rectangular sections,0
a medium - sized brown and red structure,1
a visible framework,0
"the tall , modern skyscraper",1
a glass and metal facade,1
"the tall , modern office building",1
vertical off - white frames,0
dark reflective glass,0
a building,1
a ** glass façade,0
grid - like panel divisions,0
* large modern high - rise structure,1
a slight left turn,0
another building,1
a ** glass - panel exterior,1
grid - like patterns,0
"a ** tall , modern skyscraper",1
"the dark , reflective skyscraper",1
white grid lines,0
"a curved , cylindrical structure",1
a grid pattern,0
the foreground,0
its large size,0
a modern skyscraper,1
square windows,1
a medium - sized commercial building,1
a simple facade,1
evenly spaced rectangular windows,0
a medium - sized red building,1
a flat rooftop,1
a rectangular structure,1
black windows,0
a large white building,1
grid - like windows,0
a medium - sized beige palm tree,0
distinctive green leaves,0
a large gray building,1
rectangular windows,0
a modern facade,1
a large light beige office building,1
dark vertical windows,0
a grid pattern,0
a light beige building,1
a pattern,0
rectangular windows,0
a modern office building,1
multiple square windows,1
dark panes,0
medium - to - large high - rise,0
the red - brown brick building,1
its large size,0
multiple recessed windows,0
the tall and wide commercial or office building,1
its brown color,0
"a pinkish top , vertical pink panels",0
the top,0
the midsection,0
This building,1
the area,0
the skyscraper,1
its gray color,0
a glass and steel exterior,1
reflective windows,0
a large size,0
an industrial structure,1
a dark brick color and medium size,0
rectangular windows,0
a grid pattern,0
vertical corrugated metal panels,0
a brown building,1
medium - sized windows,0
a dark gray commercial structure,1
a brick exterior,1
white - framed windows,0
a flat roof,1
the nearby buildings,1
a dark brown building,1
a brick façade,0
rectangular windows,0
the brown skyscraper,1
a grid - like window pattern,0
the dark office building,1
reflective windows,0
horizontal line patterns,0
a medium - sized white rectangular building,1
flat roof,1
a tall and wide modern skyscraper,1
a cylindrical shape,0
a grid - like glass facade,1
glass - like reflective surfaces,1
the surrounding structures,1
"the large , modern high - rise building",1
its white color,0
numerous rectangular windows,0
the adjacent structure,1
a similar large white modern office building,1
many rectangular windows,0
""" Head",0
a large gray building,1
a prominent rectangular structure,1
classic architectural details,0
multiple windows,0
"the dark gray , medium - sized façade section",0
rectangular windows,0
grid patterns,0
a brickwork building,1
the building,1
a light beige color,0
a grid pattern,0
the modern structure,1
a white color,0
medium rectangular windows,0
"-sized , modern building",1
a window,0
light contrast,0
the brown façade,0
dark and light window areas,0
a large rectangular grid,0
a uniform pattern,0
an illuminated bottom right section,0
a building,1
a dark grey façade,0
a brick design,0
uniformly arranged square windows,1
This structure,1
multiple floors,1
a residential or office building,1
office building,1
a flat roof,1
a prominent HVAC unit,0
the rooftop,1
a large brown building,1
brick texture,0
arched windows,0
"a large , multi - story dark gray structure",1
its brick texture,0
typically an industrial or commercial building,1
a gray building,1
a brick - patterned facade,1
arched windows,0
This multi - story building,1
a residential or historical purpose,0
the gray building,1
a brick exterior,1
large windows,0
"the large , white building",1
rectangular windows,0
"the medium - sized , light beige modern office building",1
large grid windows,0
a plain facade,1
the grey urban high - rise building,1
large multi - story structures,1
arched windows,0
a brick façade,0
the modern office building,1
a dark color,0
cream borders,0
medium - sized rectangular windows,0
reflective glass panels,0
a large white building facade,1
a grid,0
a slight left turn,0
a large modern office building,1
a beige and dark reflective glass appearance,0
a grid - like structure,1
reflective windows,0
a significant portion,0
the image,0
the brown building,1
black windows,0
a rectangular grid,0
medium size,0
the black and gold building,1
a grid - like pattern,0
the facade,1
reflective glass panels,0
the white high - rise building,1
rectangular windows,0
the large skyscraper,1
its black and white grid - like pattern,0
large glass panels,0
a medium - sized historic building,1
a gray brick façade,0
multiple arched windows,0
a large modern skyscraper,1
a slight left turn,0
a large multi - story modern commercial or office building,1
its white and dark reflective glass,0
grid - like window arrangements,0
blurred reflections,0
a structure,1
a color scheme,0
a grid pattern,0
rectangular panels,0
This structure,1
the entire visible frame,0
a ceiling,0
an exterior building facade,1
a modern skyscraper,1
its tall size,0
the majority,0
the image 's center,0
"reflective , grid - like windows",0
the dark gray skyscraper,1
a tall structure,1
numerous windows,0
a large size,0
the dark blue modern office building,1
"tall , rectangular shapes",0
reflective glass windows,0
a corner view,0
a structure,1
a light beige color,0
"a tall , vertical design",0
repetitive rectangular windows,0
a prominent concrete band,0
its midsection,0
"This large , multi - story skyscraper",1
a type,0
a dark structure,1
white grid lines,0
a curved glass facade,1
a grid pattern,0
the image center,0
a skyscraper,1
office building,1
the gray open space,0
a concrete surface,1
"Then , head",0
a left turn,0
the dark brown building,1
numerous uniform windows,0
rooftop structures,1
medium height,0
surrounding buildings,1
the light grey,0
a red facade,1
one side,0
a flat roof,1
an aging texture,0
"a tall , multi - story building",1
the surrounding buildings,1
commercial or office type,0
the tall skyscraper,1
a gray office building,1
its reflective windows,0
a grid pattern,0
The instruction,0
a dark façade,0
white vertical and horizontal lines,0
a grid - like structure,1
reflective windows,0
light illumination,0
"The tall , multi - story structure",1
a building,1
the building,1
a large high - rise structure,1
a distinct facade,1
a dark color,0
illuminated sections,0
a grid - like pattern,0
some lit - up windows,0
the frame,0
the large high - rise building,1
a light beige color,0
darker windows,0
This structure,1
rectangular windows,0
a grid pattern,0
a modern apartment or office type,0
a building,1
a black - and - white color scheme,0
lit sections,0
a grid - like structure,1
evenly spaced lines,0
a solar panel,0
a significant portion,0
the view,0
another building,1
dark glass,0
illuminated windows,0
distinct light patterns,0
the image width,0
the skyscraper,1
its gray color,0
black windows,0
a grid pattern,0
the facade,1
its tall stature,0
the white building,1
its rectangular windows,0
flat roof,1
medium size,0
the reddish - brown building,1
rectangular windows,0
vertical structural elements,0
the tall and prominent building,1
its brown and purple color,0
vertical column - like structures,1
the top,0
a distinct purple overhang,0
noticeable size,0
the surrounding buildings,1
the white building,1
medium - sized rectangular windows,0
the light gray building,1
"large , symmetrically arranged dark rectangular windows",0
a gray paved road,1
lane markings,0
its lengthy and narrow structure,1
a large gray building,1
its towering presence,1
multiple windows,0
flat roof,1
a light brown rectangular building,1
over 12 stories,0
numerous windows,0
"a gray , medium - sized flat open surface",1
building materials,1
the roof,1
a building,1
"a large , dark grid - like facade",1
"a large , multi - story building",1
white walls,1
dark accents,0
rectangular windows,0
a flat rooftop,1
the dark gray building,1
its tall structure,1
large glass windows,0
a rectangular grid pattern,0
a white rooftop access structure,1
ventilation unit,0
a ladder,0
its side,0
small chimney - like structures,1
a size,0
the rooftop,1
a straight direction,0
gray rooftops,1
a central low - rise rectangular shape,0
taller structures,1
a flat roof,1
a light brown,0
rectangular building,1
multi - level windows,0
the taller surrounding buildings,1
"the large , gray , open paved square area",1
few trees,0
"the medium , green landscape",0
the medium - sized grassy open space,0
"the large , green grassy square",1
a slight right turn,0
"the tall , dark brown building",1
arched windows,0
a large white multi - story building,1
rectangular windows,0
"a tall , white multi - story structure",1
black window frames,0
This structure,1
a grid - like window pattern,0
the windows,0
green / yellow light,0
the large blue - gray commercial building,1
a rooftop,1
ventilation systems,0
the large gray office building,1
grid - like windows,0
the medium - height light grey structure,1
arched windows,0
a detailed façade,0
a residential or office building,1
the brownish building,1
large rectangular windows,0
arched tops,0
the large office building,1
its white and black exterior,1
a prominent grid pattern,0
the large building,1
a modern glass and concrete design,0
the tall building,1
its white and dark grey color,0
a rectangular structure,1
a flat rooftop,1
a large dark gray office building,1
a rectangular form,0
a grid pattern,0
a similarly large dark skyscraper,1
a large dark grey building,1
an antenna,1
another large building,1
a dark gray facade,1
the medium - sized gray building,1
a flat roof,1
HVAC units,0
"the large , multi - story building",1
black color,0
white grid lines,0
rectangular windows,0
a grid pattern,0
a beige building,1
horizontal frames,0
a gray building,1
a detailed stone,0
large arched windows,0
the large gray and black building,1
a grid pattern,0
"a tall , multi - story building",1
a brown color,0
rectangular windows,0
arched tops,0
the upper section,0
"a large , multi - story structure",1
The second landmark,1
a facade,1
brown brick,0
reddish - beige structural elements,0
a grid,0
vertical reddish - beige columns,0
a brick exterior,1
the gray building,1
large grid - patterned windows,0
the skyscraper,1
white grid patterns,0
vertical white stripes,0
tall window designs,0
the large grey building,1
a billboard,1
the large light brown building,1
rectangular windows,0
rooftop structures,1
the large cream - colored building,1
a tall rectangular structure,1
vertical window patterns,0
a hint,0
Art Deco styling,0
"Next , veer",0
the large modern skyscraper,1
beige and black colors,0
a red car,0
the large gray skyscraper,1
the medium - sized beige office building,1
decorative elements,0
"a light brown , large , rectangular building",1
numerous windows,0
"a gray , large commercial building",1
roof devices,1
ventilation systems,0
"another tall , gray skyscraper",1
large windows,0
Briefly pause,0
"a small , dark residential building",1
horizontal blinds,0
"a large , multi - story beige building",1
a rectangular grid,0
ornate accents,0
a medium - sized white structure,1
a triangular rooftop,1
a small rectangular addition,0
a door,0
a residential / commercial building,1
"a large , green , square area",1
a tall skyscraper,1
a large and tall structure,1
a black and white color scheme,0
a grid pattern,0
some illuminated sections,0
a large gray building,1
a row,0
arched windows,0
rooftop structures,1
a similarly large gray radio,0
telecommunication antenna,1
its tall metallic structure,1
a cylindrical base,0
overhead framework,0
another large gray building,1
antenna structures,1
its rooftop,1
a large building,1
a gray and brown brick exterior,1
large windows,0
a medium - sized light gray commercial building,1
its arched windows,0
black frames,0
a large gray building,1
grid - like windows,0
a prominent cylindrical tower,1
a tall black structure,1
reflective grid - patterned windows,0
white frames,0
the surrounding rectangular buildings,1
the large red brick building facade,1
the medium - sized gray urban structure,1
a brick exterior,1
fire escape,0
the larger gray mid-rise office building,1
numerous windows,0
the large gray commercial high - rise,0
multiple windows,0
the medium - sized brown brick residential apartment building,1
the medium red - brown residential building,1
a brick texture,0
metal railings,0
the scattered actions,0
a smooth and structured sentence,1
a gray building,1
"a tall , rectangular structure",1
large windows,0
rectangular design,0
multiple windows,0
a medium - sized gray building,1
a brick facade,1
"a tall , multi - story gray structure",1
detailed frames,0
a repetitive design pattern,0
a commercial or residential building,1
a medium - sized residential building,1
a brown color,0
brick exterior,1
the side,0
another medium - sized structure,1
lighter grey,0
a flat roof,1
a small structure,1
minimal windows,0
a residential or commercial purpose,0
standing medium,0
the surrounding buildings,1
a rooftop billboard,1
a boxing image,0
a brown billboard,1
a person,0
a musical instrument,0
a beige billboard showcasing vintage artwork,1
a dark gray rooftop,1
satellite dishes,0
a gray skyscraper,1
its numerous windows,0
another gray one,0
multiple windows,0
a distinctive narrow peak,0
yet another gray skyscraper,1
its repetitive window patterns,0
a gray building,1
a tall central majolica facade,1
arched windows,0
a dark gray wall,1
a door,0
itCitoitnittitiitnituiteit itsittitritaitiitgithittit ittitoitwitaitritditsit,0
itgitriteityit itcitoitlitoitrit,0
it.it itIittit itiitsit itlitaitritgiteit itiitnit,0
itcitoitnittitiitnituiteit itgitoitiitnitgit itsittitritaitiitgithittit,0
ittithiteit itniteitxittit itlitoitcitaittitiitoitnit,0
itlitaitritgiteit itmituitlittitiit,0
itoitritnitaitmiteitnittitaitlit itmitoitlitditiitnitgit itbiteittitwiteiteitnit,0
itaitnitdit itlitaitritgiteit itgitritiitdit,0
it.it itTithitiitsit,0
itsiteitritviteitsit itaitsit iteitiittithiteitrit itait itriteitsitiitditeitnittitiitaitlit itoitrit itcitoitmitmiteitritcitiitaitlit iteitsittitaitbitlitiitsithitmiteitnittit it.it,0
the brown building,1
numerous windows,0
a medium - sized gray building,1
rectangular windows,0
a flat roof,1
the building,1
its dark blue and black colors,0
a large grid - like pattern,0
reflective windows,0
a white building,1
numerous small windows,0
large size,0
a light gray building,1
white tones,0
rectangular windows,0
vertical lines,0
a modern office building,1
a large gray high - rise building,1
its rectangular windows,0
a medium - sized light gray historical building,1
an ornate decorative facade,1
the tall skyscraper,1
its dark color,0
some lighter details,0
rectangular shape,0
numerous windows,0
a slight left turn,0
the modern high - rise building,1
a brick red color,0
glass windows,0
the tall building,1
a brown and dark brown color,0
rectangular vertical structure,1
grid - patterned windows,0
the grey skyscraper,1
a tall building,1
multiple windows,0
the tan and brown commercial office building,1
vertical windows,0
reflective glass,0
the scattered actions,0
a smooth and fluent sentence,0
a medium - sized green and gray square,1
an open grassy area,0
scattered trees,0
a large multi - story office building,1
black window panels,0
a flat rooftop,1
a small rooftop structure,1
"a gray , multi - story apartment building",1
rectangular windows,0
the surrounding high - rise structures,1
a grey residential building,1
a rooftop and fire escapes,1
a medium - sized rectangular billboard,1
blue and white colors,0
the text,0
CHARLIE 'S CHOCOLATE,0
an advertisement,0
a medium - sized commercial office building,1
a gray exterior,1
a flat roof,1
multiple floors,1
nearby structures,1
the beige building,1
a flat roof,1
rooftop structures,1
the large brown building,1
a brick texture,0
multiple chimneys,0
a rooftop satellite dish,1
the medium - sized brown modern office building,1
pyramidal skylights,0
the roof,1
the medium - sized apartment building,1
red - brown and white colors,0
fire escapes,0
the medium - sized residential building,1
a light brown color,0
a rooftop,1
"the towering , dark gray skyscraper",1
a rectangular shape,0
a rooftop sign,1
""" Rise",0
a tall white building,1
a grid - like window pattern,0
a medium - sized rectangular concrete structure,1
worn or stained walls,1
black grid - like framed windows,0
multiple stories,0
the gray commercial building,1
multiple floors,1
classic architecture,0
the light gray urban building,1
a brick texture,0
multiple windows,0
a flat rooftop,1
the gray residential building,1
a decorative facade,1
arched windows,0
the surrounding structures,1
the modern office building,1
its gray color,0
grid - like facade,1
rectangular windows,0
a large landmark,1
a tall gray building,1
intricate architectural details,0
a destination,0
a dark building,1
a modern facade,1
metallic and glass panels,0
large pillars,0
the surrounding structures,1
a commercial / office building,1
a medium - high commercial building,1
gray color,0
a rooftop structure,1
a metal antenna,1
a large building,1
dark gray color,0
detailed molding,0
the light gray building,1
multiple rectangular windows,0
large size,0
the white building,1
"tall , rectangular windows",0
the light beige modern commercial building,1
a large glass window,0
a grid pattern,0
the camera,0
a large yellow building,1
multiple black - framed rectangular windows,0
"a large , multi - story brown building",1
aged brickwork,0
multiple rectangular windows,0
a beige building facade,1
a brick texture,0
the white and black modern office building,1
a large size,0
a grid - like pattern,0
the similar building,1
dark grey,0
the large size and grid pattern,0
another large structure,1
vertical patterns,0
a glass building facade,1
the large gray billboard,1
a vintage car advertisement,0
a large building,1
a medium - sized urban building,1
fire escapes,0
a residential building,1
a balcony,0
a black metal railing,0
medium height,0
about 4 to 5 stories,0
"the off - white , medium - sized building",1
a rectangular structure,1
large windows,0
"the brown , large building",1
rectangular windows,0
the upper floors,1
the modern office building,1
black glass,0
large glass windows,0
a grid pattern,0
the dark grey feature,0
horizontal slats,0
rectangular openings,0
close - up details,0
the medium - sized modern commercial building,1
the tall gray skyscraper,1
a clock tower,1
a slight left turn,0
the medium - sized beige commercial building,1
symmetrical windows,0
a large billboard,1
a medium - sized urban commercial building,1
gray tones,0
art deco,0
classical architectural style,0
numerous arched windows,0
the tallest nearby urban building,1
multiple windows,0
the color gray,0
a medium - sized historical structure,1
arched windows,0
numerous floors,1
the gray hue,0
a medium - sized wall section,1
a gray brick wall,1
"a large , modern high - rise building",1
its light grey color,0
", rounded corners",0
horizontal panel separators,0
a building,1
its beige color,0
large size,0
"rectangular , grid - like windows",0
an apartment building,1
a grey exterior,1
medium size,0
a flat rooftop,1
a small dome,0
the gray rectangular air vents,0
a wall,1
a large architectural element,0
the large green smooth wall texture,1
a building,1
a tall vertical building,1
the same green hue,0
the gray commercial building,1
its medium - sized gridded windows,0
uniform rectangles,0
the majority,0
the center image,0
a right turn,0
the beige modern high - rise building,1
repeated horizontal grooves,0
the large gray modern building facade,1
rectangular sections,0
horizontal gaps,0
a tall crane structure,1
its blue and white color,0
large size,0
metal framework,0
a modern - style building facade,1
gray color,0
horizontal slats,0
a vertical grid pattern,0
a medium size,0
multiple floors,1
a medium - sized gray building,1
its rectangular facade,1
multiple windows,0
"a tall , modern structure",1
a cylindrical design,0
reflective glass,0
a right turn,0
a large skyscraper,1
a gray and black color palette,0
arched windows,0
grid - like patterns,0
a modern office building,1
its white and black exterior,1
reflective rectangular glass panels,0
your gaze,0
a large body,0
light reflections,0
its completely reflective surface,1
"a large , tan building",1
horizontal lines,0
"a medium - sized , brown rectangular object",0
a horizontal line,0
a dark spot,0
a manmade structure,1
the medium - sized blue crane,1
a metal frame structure,1
the medium - to - large - sized gray modern building or residential structure,1
horizontal window slats,0
a grid - like design,0
a light grey modern skyscraper,1
large rectangular grid windows,0
the large gray building,1
a flat roof,1
HVAC systems,0
a structured design,1
the gray building,1
a prominent rectangular structure,1
a modern design,0
multiple floors,1
the large green building,1
rectangular vertical ridges,0
another green structure,1
a smooth surface,1
the top,0
medium height,0
surrounding buildings,1
"the tall , rectangular building",1
a grey color,0
narrow windows,0
one side,0
the gray building,1
medium size,0
rounded edges,0
a unique ribbed pattern,0
the facade,1
the gray residential building,1
"a tall , multi - story structure",1
rounded balconies,0
each floor,1
a flat roof,1
large size,0
another large building,1
gray color,0
large windows,0
a large modern commercial building,1
dark color,0
reflective glass panels,0
the light gray skyscraper,1
office building,1
its numerous evenly spaced dark windows,0
its stature,0
the surrounding buildings,1
the light gray building,1
rounded corners,0
external piping,0
rooftop structures,1
"a high - rise , modern apartment building",1
the gray building,1
a rectangular shape,0
a rooftop structure and horizontal lines,1
a gray modern office building,1
the skyline,1
rooftop structures,1
a vent,0
an antenna,1
the data,0
the refined and fluent sentence,0
a building,1
a light gray color,0
a flat rooftop,1
a central ventilation,0
HVAC structure,1
"smaller , evenly distributed fixtures",0
The edges,0
The structure,1
a noticeable but relatively smaller central rooftop feature,1
the overall roof,1
the large gray building,1
a slab construction,0
rounded corners,0
vertical geometric accents,0
a large light gray building,1
a rooftop,1
a prominent vent,0
a large modern high - rise building,1
a gray exterior,1
a rectangular rooftop,1
ventilation ducts,0
a small connected tower structure,1
the right,0
a medium - sized building,1
its grey color,0
multiple rooftop pipes,1
an open ventilation grid,0
a blue antenna structure,1
the surrounding buildings,1
the medium - sized green building,1
rooftop equipment,1
the building,1
a grey flat roof,1
ventilation openings,0
large size,0
a building roof,1
a slight right turn,0
the commercial building,1
a light gray flat roof,1
multiple ventilation units,0
distinct geometric indentations,0
the edge,0
a dense urban area,0
the green building,1
a rectangular shape,0
multiple windows,0
another green building,1
distinctive coloring,0
a similar shape,0
rooftop installations,1
a size,0
a gray - colored large building,1
a curved facade,1
horizontal lines,0
"a small , gray helipad",0
a cross,0
a modern building,1
blue and beige exterior walls,1
a gray rooftop,1
a flat roof design,1
metallic housing units,0
a large rectangular high - rise structure,1
the large gray building,1
a rectangular structure,1
a grid - like opening,0
the medium gray building,1
a rooftop,1
ventilation ducts,0
a communication tower,1
the gray building,1
rectangular windows,0
a symmetrical grid pattern,0
multi - story height,0
the light gray building,1
its angular and protruding design,0
large square recesses,1
the surrounding buildings,1
the large grey building,1
a rooftop,1
antenna and ventilation structures,1
the gray high - rise building,1
modern architecture,0
rooftop structures,1
the gray building,1
rounded edges,0
multiple stories,0
the large gray building,1
a rooftop,1
a central HVAC unit,0
rounded corners,0
a gray building,1
symmetrical roof structures,1
a stepped design,0
the center,0
the building,1
adjacent buildings,1
"a light gray , medium - sized building",1
modern architectural design,0
horizontal stripes,0
rectangular windows,0
another light gray building,1
a tall high - rise,0
a grid - like arrangement,0
square windows,1
a flat - top design,0
the gray building,1
rounded corners,0
rooftop structures,1
a medium size,0
similar structures,1
a large gray building,1
rectangular rooftop structures,1
multiple floors,1
a gray rectangular structure,1
uniform windows,0
a medium - sized building,1
a left,0
another gray building,1
curved balconies,0
a gray building,1
modern architectural elements,0
a light gray residential building,1
rectangular rooftops,1
ventilation systems,0
a medium - sized apartment block,1
"a tall , modern high - rise building",1
a dark gray color,0
curved corners,0
horizontal balcony structures,1
a contemporary design,0
wider building,1
a gray color,0
rounded edges,0
exhaust structures,1
adjacent buildings,1
a straight direction,0
"the dark blue , medium - sized rectangular structure",1
a flat roof,1
two open sections,0
surrounding buildings,1
a rooftop building structure,1
the large gray building,1
a rooftop housing HVAC equipment,1
the medium - sized structure,1
white piping,0
a rooftop,1
a skylight grid,0
its urban surroundings,0
the gray high - rise residential building,1
rounded corners,0
a rooftop ventilation structure,1
a large gray building,1
"a modern , tall , symmetrical design",0
rounded edges,0
a large gray modern high - rise building,1
rounded balconies,0
vertical white stripes,0
a medium - sized gray building,1
a rooftop,1
ventilation pipes,0
an antenna base,1
a gray residential building,1
modern architectural design,0
curved balconies,0
a high - rise,0
a grey building,1
a rectangular rooftop unit,1
curved piping,0
its tall stature,0
"a large , high - rise building",1
a gray color,0
a tall structure,1
"a smooth , modern facade",1
uniform window design,0
the gray building,1
rectangular windows,0
modern design,0
the tall building,1
light gray color,0
curved corners,0
the right,0
the gray - colored commercial building,1
a modern architectural design,0
evenly spaced windows,0
its surrounding structures,1
the large gray building,1
a rectangular shape,0
multiple uniformly stacked floors,1
a gray high - rise building,1
modern architecture,0
prominent horizontal and vertical elements,0
slightly veer,0
"a gray , medium - sized high - rise modern building",1
clean lines,0
glass accents,0
a commercial office building,1
"a tall , rectangular gray building",1
reflective surfaces,0
a yellow crane,1
the large gray skyscraper,1
a rectangular design,0
protruding rooftop structures,1
another large building,1
This one,0
ventilation structures,1
the roof,1
"a tall , multi - story commercial building",1
its unique curved architectural element,0
the rooftop,1
the large gray building,1
a rooftop structure,1
an array,0
protruding elements,0
the medium light gray building,1
a flat roof,1
curved piping,0
a gray building,1
multiple rectangular windows,0
a grid pattern,0
"a tall , high - rise structure",1
a gray structure,1
a modern design,0
sharp edges,0
a vertical white stripe,0
one side,0
a tall form,0
a building,1
another gray medium - sized building,1
a modern rooftop,1
ventilation systems,0
a smooth geometric design,0
a light - gray structure,1
a unique rooftop design,1
two elevated curved white panels,0
a central rectangular platform housing antennas,1
a satellite dish,0
a medium - to - large skyscraper scale,1
the surrounding buildings,1
a modern high - rise,0
the gray building,1
large rooftop fixtures,1
the light blue building,1
a moderate top structure,1
a grid and curved elements,0
a light grey,0
flat and rectangular surface,1
a small square detail,1
a large flat rooftop,1
a building,1
a grey structure,1
rounded corners,0
multiple small protruding structures,1
surrounding buildings,1
"the large , multi - story building",1
its light gray color,0
flat roof,1
metallic structures,1
a vent - like apparatus,0
This modern building,1
either a commercial or residential property,0
the gray building,1
rectangular windows,0
a flat rooftop,1
medium height,0
the surrounding structures,1
the dark teal commercial high - rise,0
unique machinery,0
the rooftop,1
a tall building,1
the skyscraper building,1
a light blue and white color,0
a blue facade,1
repetitive horizontal and vertical lines,0
rectangular windows,0
a tall building,1
a light grey color,0
flat roof,1
a large building painted light grey,1
horizontal slats,0
rectangular cutouts,0
"a tall , wide , and significantly larger building",1
most surrounding structures,1
its light gray color,0
rectangular grid,0
a symmetrical design,0
the building 's height,1
a structure,1
a gray exterior,1
teal shading,0
slatted horizontal layers,0
recessed gaps,0
a modern architectural style,0
a large vertical building,1
another gray building,1
modern features,0
horizontal louvered panels,0
curved balcony edges,0
a gray building,1
a flat rooftop,1
ventilation systems,0
curved edges,0
multi - story building,1
multiple rectangular protruding air conditioning units,0
horizontal window slits,0
the gray building,1
its curved edges,0
vertical pipes,0
high - rise structure,1
the building,1
a light grey color,0
its prominent architectural features,0
the rooftop,1
arched ventilation structures,1
a large modern skyscraper,1
the large gray building,1
its vertical alignment,0
the large grayish - blue modern high - rise building,1
its tall structure,1
rounded roof corners,1
multiple ventilation units,0
the roof,1
"a large , gray building",1
vertical lines,0
its façade,0
"a large , multi - storied blue - gray building",1
vertical and horizontal window alignment,0
shadow accents,0
a prominent structure,1
its roof,1
"a tall , grey building",1
rectangular windows,0
a facade,1
high - rise buildings,1
a medium - sized grey building,1
a crane,1
"a tall , gray building",1
a modern design,0
horizontal black slits,0
protruding cubes,0
"another tall , gray high - rise building",1
multiple balconies,0
distinct horizontal layers,0
protruding elements,0
"a gray , medium - sized building",1
a concrete façade,0
multiple rectangular windows,0
a light gray building,1
a rectangular structure,1
uniform square windows,1
a rooftop,1
minimal utilities,0
its height,0
surrounding buildings,1
a building facade,1
its light brown color,0
multiple identical rectangular windows,0
medium size,0
a structure,1
beige coloring and medium - sized rectangular windows,0
a building,1
a tall gray skyscraper,1
vertical lines,0
the modern urban building,1
a two - tone design,0
a prominent brown band,0
the top,0
"the large , grey building",1
rectangular windows,0
a flat roof,1
"the medium - sized , red building",1
a brick facade,1
similar rectangular windows,0
a slight right turn,0
"the medium - height , dark grey building",1
black windows,0
vertical window panels,0
a modern office building,1
its surroundings,0
a red and beige area,0
large rectangular tiles,0
dark gaps,0
a brick wall,1
a large beige building,1
rectangular windows,0
vertical separations,0
a medium - sized red building,1
a flat roof,1
a tall light beige building,1
vertical windows,0
the brown building,1
a large rooftop area,1
the multi - story brown building,1
rectangular windows,0
intricate brickwork,0
the dark brown commercial or office building,1
its rectangular shape,0
evenly spaced windows,0
the upper portion,0
large entrance - like structures,1
a beige building,1
multiple uniform windows,0
a grid - like structure,1
large size,0
"a large , gray intersection",1
a left turn,0
"a medium , grey urban street",1
"a medium - sized , grey paved road",1
a tall building,1
brown rectangular windows,0
a medium white / light grey building,1
a flat roof,1
modern design,0
a large reddish - brown high - rise building,1
vertical white dividers,0
its rectangular windows,0
the gray skyscraper building,1
vertical and horizontal lines,0
multiple windows,0
the white high - rise office building,1
a tall and rectangular shape,0
a vertical pattern,0
a visible external antenna,1
the gray apartment building,1
horizontal slat railings,0
a mid-sized structure,1
multiple floors,1
"the tall , brown building",1
rectangular windows,0
multiple stories,0
a large red brick wall,1
a uniform brick pattern,0
a large light brown building,1
a multi - windowed facade,1
a large brown brick building,1
multiple windows,0
a medium light brown commercial building,1
a flat rooftop,1
then veer,0
a large light gray building,1
rectangular windows,0
a medium light beige commercial building,1
large dark windows,0
a tall and narrow light beige office building,1
rounded corners,0
a skyscraper,1
a brown color,0
a brick pattern,0
a large billboard,1
a large grey building,1
prominent windows,0
"Next , head",0
a large skyscraper,1
a grey hue,0
a tall structure,1
a grid pattern,0
rooftop antennas,1
a brown building,1
its rectangular windows,0
a commercial establishment,0
light grey tones,0
large glass windows,0
brick patterns,0
green and black accents,0
"the tall , rectangular grey skyscraper",1
a cylindrical top section,0
a large dark grey rectangular skyscraper,1
a windows grid pattern,0
a large historic multi - story building,1
arched windows,0
a medium grey commercial building,1
storefront windows,0
several closed garage doors,0
a large building,1
a brown facade,1
a brick - like texture,0
rectangular patterns,0
large glass windows,0
another large brown building,1
rectangular patterned stone tiles,0
a towering light blue building,1
geometric designs,0
a pointed top and angular patterns,0
likely a landmark or architectural feature,1
"a large , textured brown tiled structure",1
possibly part,0
a roof,1
ground surface,0
a large white building,1
rectangular grid - patterned windows,0
a light blue building,1
a prominent spire,0
geometric and symmetrical arches,0
"a large , central building",1
"a layered , symmetrical blue spire",0
a beige brick structure,1
the center,0
its surroundings,0
a tall gray skyscraper,1
vertical windows,0
the structure,1
a light beige hue,0
uniform rectangular windows,0
stone façade,0
"a wide , multi - story building",1
commercial or office use,0
rectangular skyscraper,1
criss - cross grid windows,0
another gray skyscraper,1
a dark structure,1
a large billboard,1
a commercial building,1
a rooftop advertisement,1
the gray building,1
arched windows,0
grid patterns,0
a ground floor barber pole,1
a medium - large commercial site,0
the large gray skyscraper,1
its tall stature,0
a ** dark gray building,1
its ** central tall structure,1
a dome,0
its summit,0
a ** large skyscraper,1
an ** orange structure,1
a ** large bridge,1
suspension cables,0
a ** dark gray medium - sized section,0
a wall,1
residential or commercial building,1
its ** horizontal window blinds,0
dim lighting,0
a large beige and brown building,1
"a tall , rectangular structure",1
a grid pattern,0
a curved road intersection,1
the dark skyscraper,1
large dimensions,0
rectangular windows,0
a domed roof,1
a large gray high - rise building,1
visible window shutters,0
a slight stop,0
a gray medium - sized commercial or office building,1
rectangular carvings,0
"the tall , brown cylindrical building",1
a grid - like window pattern,0
"the large , brick - red building",1
horizontal window strips,0
"a large , brown skyscraper",1
art deco architectural style,0
rectangular windows,0
"a medium - sized , cylindrical brown water tower",1
a conical top,0
a right,0
a medium gray building,1
arched windows,0
grid pattern,0
red interior walls,1
residential or commercial purposes,0
""" Elevate",0
"a beige , medium - sized rectangular building",1
multiple windows,0
a building,1
"a tall , brown clock tower",1
a statue,0
its top,0
a landmark building,1
a three - story brick wall section,1
brown and beige hues,0
a promotional coffee poster,0
a medium - sized commercial building segment,1
"the large , gray skyscraper",1
an art deco spire,0
"the tall , gray landmark building",1
an ornate facade,1
the large rectangular building,1
rooftop antennas,1
a slight left turn,0
the high - rise,0
rectangular windows,0
the facade,1
a right,0
"the large , dark gray office building",1
dark windows,0
the medium,0
large dark gray communication tower,1
its antenna,1
"the large , multi - storied dark brown office",0
commercial building,1
grid - patterned windows,0
concrete framing,0
the beige building,1
vertical symmetry,0
rectangular windows,0
a medium - sized rectangular building,1
its brown and beige colors,0
symmetrical windows,0
a flat roof,1
another building,1
This structure,1
its light beige color,0
repetitive vertical lines,0
a large gray building,1
a rectangular façade,0
numerous dark windows,0
a grid - like panel design,0
a medium - sized gray building,1
rectangular windows,0
a flat roof,1
a large red bridge,1
suspension cables,0
the large suspension bridge,1
the Golden Gate Bridge,1
its orange - red color,0
"a large , multi - story",0
traditional stone building,1
a gray color,0
an arched entrance,0
decorative frames,0
red - colored windows,0
the classic architectural building,1
a gray color,0
a large billboard,1
another gray building,1
medium - sized rectangular windows,0
the tall office building,1
gray color,0
the roof,1
the gray structure,1
a radio tower,1
slightly halt,0
the red brick residential building,1
gray stone accents,0
a fire escape,0
its side,0
its medium - sized construction,0
a large gray skyscraper,1
a tall structure,1
arched windows,0
a tiered design,0
a large gray building,1
architectural details,0
multiple rectangular windows,0
decorative patterns,0
a medium gray building,1
dark frames,0
frosted glass,0
a commercial or residential building,1
"a medium - sized , red multi - story building",1
a flat roof,1
grid - like window structure,1
"a large , brown skyscraper",1
"tall , rectangular windows",0
another large building,1
a flat textured surface,0
horizontal rectangular windows,0
a medium - sized square space,1
dark asphalt gray roads,1
a large light gray building housing ventilation units,1
another large structure,1
its gray hue,0
grid - like window design,0
a skyscraper,1
a medium - sized gray building,1
a rooftop structure,1
a large skyscraper,1
numerous rectangular windows,0
a tall gray office building,1
a grid - like facade,1
uniform window alignment,0
the skyscraper,1
a tall structure,1
vertical lines,0
numerous windows,0
the frame,0
"the large , beige building",1
"tall , rectangular features",0
vertical window strips,0
another identical building,1
vertical rectangular windows,0
a similar structure,1
a series,0
vertical lines,0
noticeable wall cracks,1
"a tall , gray skyscraper",1
multiple stories,0
another large skyscraper,1
"a tall , rectangular structure",1
a distinctive top,0
a dome,0
a slight right turn,0
"a medium - sized , chimney - like structure",1
a rectangular shape,0
a sloped top,0
a medium - sized building,1
greyish stone,0
grid patterns,0
a commercial or residential building,1
the large white building,1
many windows,0
the large light brown skyscraper,1
multiple black windows,0
a beige building,1
a light blue top structure,1
The building,1
"a stepped , tiered design",0
a distinctive blue geometric crown,0
its peak,0
"a large , multi - story high - rise structure",1
the surrounding buildings,1
a beige skyscraper,1
its tall structure,1
rectangular windows,0
a red billboard,1
a second large beige building,1
"a gray , multi - story structure",1
a stone facade,1
large arched,0
commercial or institutional purposes,0
"a tall , rectangular , multi - storied building",1
light beige color,0
dark accents,0
the tallest feature,0
the area,0
a medium - sized building,1
a distinct red rooftop,1
the beige skyscraper,1
a clock tower,1
rooftop antenna,1
the beige building,1
brown grid patterns,0
a tall antenna,1
the brownish skyscraper,1
rectangular windows,0
a grille design,0
the light gray modern building,1
a minimalist design,0
small window,0
smooth walls,1
a light gray skyscraper,1
grid - like windows,0
a large beige building,1
rectangular windows,0
arched designs,0
its lower floors,1
a large stone - facade building,1
a gray color,0
a red interior,0
some windows,0
the gray skyscraper,1
a spire,0
a gray urban building,1
medium size,0
rectangular windows,0
a flat roof,1
"a large , grey multi -story building",1
arched windows,0
another gray structure,1
multiple windows,0
rooftop equipment,1
a commercial function,0
the brick structure,1
a dark brown hue,0
its billboard,1
a mid-sized urban residential apartment building,1
the orange - beige building,1
rectangular windows,0
a tall structure,1
the brown and cream high - rise building,1
a rooftop,1
a marble - like texture,0
the beige exterior,1
dark blue windows,0
grid - like pattern exterior panels,1
uniformly spaced small holes,0
a large multi - story building,1
a modern office building,1
a medium - sized gray building,1
a rectangular shape,0
a large gray building,1
classic European architectural style,0
arch windows,0
a medium - sized gray commercial or office building,1
its arched windows,0
red curtains,0
the street,1
several floors,1
a large beige building,1
dark window panels,0
rectangular windows,0
"a symmetrical , vertical alignment",0
a medium - sized gray building,1
multiple windows,0
intricate architectural details,0
a rooftop antenna,1
another medium - sized gray building,1
rectangular windows,0
a large gray structure,1
an intricate façade,0
a rooftop water tank,1
a left turn,0
a medium - sized gray commercial building,1
an arched entrance,0
decorative design,0
the door,0
multiple tall windows,0
red curtains,0
a bench,0
a planter,0
a medium - sized white rectangular building,1
vertical black stripes,0
its facade,1
a flat roof,1
solar panels,0
a large brown and beige multi-tiered high - rise structure,1
a tall beige building,1
a blue rooftop,1
a multi- tiered design,0
square windows,1
a distinctive blue dome - like top,0
a skyscraper,1
the surrounding buildings,1
The sequence,0
associated landmarks,1
a gray medium - sized building,1
a pyramid - shaped roof,1
a medium - sized gray metal structure,1
a communication tower,1
your presence,0
a dark gray commercial building,1
black windows,0
grid - like features,0
large dark glass panels,0
a staircase,0
the entrance,0
This building,1
the central space,0
"a beige , large , rectangular tower - shaped building",1
another beige and brown tall structure,1
similar type,0
a white tower,1
a beam,0
a light installation,0
a brown office building,1
rectangular windows,0
tall stature,0
"a medium - sized , dark gray metallic cell tower",1
a medium - sized gray office building,1
arched windows,0
horizontal blinds,0
a large gray modern building,1
its tall structure,1
a grid - like window pattern,0
the tall skyscraper,1
rectangular indentations,0
the next large building,1
light brown,0
a stepped architectural style,0
multiple windows,0
another beige building,1
the middle,0
the scene,0
its tiered levels,0
small square windows,1
a distinctive light blue dome,0
the light beige building,1
its tall stature,0
intricate architectural details,0
large windows,0
"Then , head",0
"the very large , light gray skyscraper",1
rectangular windows,0
a rooftop antenna,1
the tall brown skyscraper,1
its rectangular windows,0
a grid pattern,0
the large gray skyscraper,1
the large building,1
colored grey,0
its tall green structure,1
the large historic brown building,1
red curtains,0
your path,0
the light beige skyscraper,1
numerous windows,0
a slight right turn,0
the medium - sized dark brown building,1
its rounded corners,0
horizontal lines,0
a multi - colored building complex,1
interconnected rectangular structures,1
flat roofs,1
beige and gray tones,0
a light beige skyscraper,1
its evenly spaced windows,0
tall stature,0
distinctive architecture,0
the specified landmarks,1
a medium - sized gray building,1
rectangular windows,0
a billboard,1
its roof,1
another medium - sized structure,1
an advertisement,0
a large gray tower structure,1
an antenna,1
a telecommunication antenna,1
a large multi - story gray commercial building,1
arched windows,0
a repetitive modern pattern,0
reflective glass,0
a building,1
a brown color,0
a rectangular shape,0
a flat roof,1
numerous windows,0
the surrounding skyscrapers,1
"a large , light brown skyscraper",1
a decorative roof,1
a spire,0
the top,0
the right,0
the left,0
a medium - sized gray building,1
a minimal roof structure,1
utility elements,0
a medium - to - large gray classical architectural building,1
a stone façade,0
potted plants,0
a bench,0
the sidewalk,0
multiple floors,1
a light grey commercial building,1
rectangular windows,0
a billboard,1
a grey medium - sized structure,1
a small rooftop,1
a building,1
Slightly veer,0
a path,0
a large grey modern office structure,1
a rectangular facade,1
vertical windows,0
a short distance,0
a medium - sized light grey commercial building,1
a brick design,0
a dark gray skyscraper,1
a tall structure,1
vertical lines,0
a medium - sized grey building,1
rectangular shapes,0
evenly spaced windows,0
another grey building,1
arched windows,0
a prominent cornice,0
the top,0
residential or office use,0
a large white building,1
a flat rooftop,1
rectangular windows,0
its walls,1
"a tall , light beige building",1
its vertical arrangement,0
repetitive rectangular windows,0
the surrounding structures,1
the tallest and centrally located gray skyscraper,1
the modern gray office building,1
large rectangular windows,0
a medium - sized brown building,1
a brick exterior,1
black fire,0
escape stairs,0
a red and white medium - to - large advertising billboard,1
a rectangular rooftop design,1
a silhouette image,0
a beige medium - sized rectangular building,1
a red billboard,1
a cow illustration,0
a residential / commercial structure,1
"a tall , green palm tree",0
its long fronds,0
another large palm tree,0
a right turn,0
a medium - sized beige building,1
its rectangular shape,0
multiple windows,0
a left turn,0
a medium - sized light brown building,1
a geometric pattern,0
its facade,1
a large brown building,1
a brick texture,0
a rooftop,1
the path,0
"a large , gray skyscraper",1
numerous windows,0
a medium - sized commercial building,1
light beige color,0
dark brown framing,0
modern architecture,0
large glass paneling,0
a beige and black building,1
large glass windows,0
a geometric façade design,0
another beige and black building,1
large rectangular windows,0
a modern architectural style,0
a beige structure,1
a building segment,1
a large beige building,1
multiple rectangular windows,0
a smaller rooftop structure,1
the same color,0
a ladder,0
one side,0
a modern skyscraper,1
dark gray reflective glass panels,0
vertical grid lines,0
another large building,1
dark sections,0
illuminated windows,0
a grid pattern,0
"First , advance",0
the gray skyscraper,1
a cylindrical shape,0
tall stature,0
the dark gray building,1
Gothic style architecture,0
pointed arches,0
detailed masonry,0
a slight left turn,0
"the dark , commercial / government structure",1
few illuminated windows,0
tall and wide dimensions,0
"a five - story , medium - sized commercial building",1
a brown and white exterior,1
rectangular windows,0
slightly veer,0
a gentle halt,0
a structure,1
horizontal stripes,0
small windows,0
the top,0
This medium - sized building,1
the sidewalk,0
residential or commercial purposes,0
the gray modern building,1
glass windows,0
a contemporary exterior,1
the large grey building,1
a flat rooftop,1
water stains,0
the large modern office building,1
white color,0
black windows,0
rectangular windows,0
a grid pattern,0
the gray building,1
the medium - sized industrial or commercial building,1
glass block,1
a repetitive grid pattern,0
"a large , dark gray building facade",1
a brick - textured wall,1
rectangular windows,0
"a large , gray rooftop",1
peeling material,0
a medium - sized commercial or office building,1
a brown and red brick facade,1
prominent vertical rectangular windows,0
a weathered rooftop,1
the gray multi - story office building,1
vertical lines,0
the next gray tall rectangular structure,1
multiple windows,0
the beige and brown office building,1
rectangular windows,0
vertical stripes,0
the gray and red building,1
brick accents,0
"Finally , slightly halt",0
office building,1
large windows,0
a modern design,0
the large gray building,1
the closest tall rectangular structure,1
the brown building,1
a brick pattern,0
its wall,1
the medium - sized building,1
red - brick and white concrete,0
a larger commercial or residential structure,1
a plain wall,1
no windows,0
the lower section,0
a brick design,0
the upper section,0
the gray building,1
a circular roof,1
medium size,0
the brown and beige building,1
a prominent corner structure,1
many windows,0
a curved facade,1
the red and beige building,1
a corner structure,1
multiple windows,0
a left turn,0
the light brown building,1
large balconies,0
the yellow - brown structure,1
a flat roof,1
small windows,0
the light gray tall building,1
vertical lines,0
the facade,1
large glass windows,0
black frames,0
ground floor,1
stone - tiled sidewalks,0
the gray building,1
large arched windows,0
a carved stone sculpture,0
a crouching creature,0
likely a gargoyle,0
the large brown building,1
arched windows,0
another brown building,1
large rectangular windows,0
a red section,0
a brick building,1
"a large , multi - story commercial or office building",1
numerous evenly spaced rectangular windows,0
the top,0
a smooth and accurate sentence,0
all the provided actions,0
a medium - sized brown building,1
a brick - pattern facade,1
rectangular windows,0
another medium - sized brown building,1
uniformly spaced rectangular windows,0
the tallest white building,1
the vicinity,0
its pointed top and vertical windows,0
a beige mid-rise commercial building,1
large reflective glass windows,0
concrete structures,1
vertical pillars,0
a symmetrical design,0
the dark building,1
light - colored grid patterns,0
reflective glass windows,0
a grid,0
the facade,1
the vast beige rooftop,1
the building,1
utility structures,1
a medium - sized gray - brown building,1
a flat rooftop,1
concrete tiles,0
weathering marks,0
the tall building,1
beige color,0
another medium structure,1
air conditioning units,0
the medium - sized commercial structure,1
colored grey,0
light brown,0
a rectangular building,1
a flat roof,1
noticeable rooftop structures,1
varying heights,0
a grid - patterned high - rise,0
The journey,0
a structure,1
"a "" dark color",0
white gridlines,0
"a "" repeating rectangular grid pattern",0
""" large size",0
the image,0
"a "" glass or metal grid structure",1
"a compact "" white utility structure",1
a rooftop,1
""" small rectangular forms",0
a flat roof,1
ventilation grills,0
a ladder,0
one side,0
the overall building roof,1
a building,1
"its "" white facade",1
multiple symmetrical vertical windows,0
"the tall , gray building",1
a large rectangular structure,1
multiple windows,0
the beige skyscraper,1
a grid - patterned appearance,0
large size,0
a white and black building,1
its modern design,0
tall glass rectangular windows,0
another beige building,1
large rectangular grid - patterned windows,0
an office building,1
a modern commercial building,1
arched entryways,0
glass windows,0
a small gray building,1
a flat roof,1
grid - like windows,0
a left,0
a medium - sized park,0
its green grass,0
a large building,1
a dark facade,1
white grid lines,0
a grid - like pattern,0
a dark gray skyscraper,1
large glass window panels,0
linear architecture,0
a high - rise structure,1
"Afterward , head",0
a medium - sized building,1
a rooftop,1
HVAC units,0
a backdrop,0
a large brown building,1
rectangular shapes,0
a medium - height building,1
dark red vertical columns,0
its facade,1
taller neighboring structures,1
the dark building,1
illuminated sections,0
a grid pattern,0
the façade,0
the large structure,1
a grid - like window feature,0
the building,1
a flat roof,1
rooftop elements,1
your gaze,0
the dark grey building,1
tall structures,1
vertical ridges,0
"Finally , head",0
weathered patches,0
a rooftop,1
exposed equipment,0
a medium - sized rooftop structure,1
a light gray building,1
large rectangular windows,0
a beige building,1
a cracked exterior,1
the left,0
a large brown building,1
numerous windows,0
Another slight right turn,0
a brown office building,1
rectangular windows,0
a grid - like pattern,0
a gentle stop,0
a modern light brown office building,1
its tall and wide facade,1
a repeated block pattern,1
a brown building,1
numerous small windows,0
large dimensions,0
"a tall , rectangular skyscraper",1
a distinctive rooftop design,1
your gaze,0
a light gray commercial structure,1
a striped facade,1
rectangular windows,0
medium size,0
"the very large , beige skyscraper building",1
multiple floors,1
rectangular windows,0
a grid pattern,0
"a large , white modern building",1
arched entrances,0
"a large , urban office building",1
its white and beige color tones,0
small windows,0
a tall rectangular structure,1
a grid,0
a medium - to - large - sized building,1
light beige tones,0
large rectangular windows,0
black frames,0
a uniform facade,1
visible concrete texture,0
a commercial or office building,1
a light brown building,1
many small windows,0
a rectangular shape,0
a medium height,0
multiple stories,0
another light brown structure,1
rectangular windows,0
a medium size,0
a brown building,1
multiple floors,1
a flat rooftop,1
its large size,0
a gray and brown commercial / office building,1
visible grid frames,0
a brick and concrete facade,1
a large building structure,1
a grey and white color scheme,0
a curved roof,1
radial spines,0
another building,1
medium size,0
its light beige hue,0
rectangular windows,0
a medium - sized office building,1
its light yellow color,0
simple rectangular shape,0
evenly spaced windows,0
a large gray HVAC unit,0
a sizable rectangular shape,0
a gray building,1
grid - like windows,0
medium size,0
a white building,1
medium - sized rectangular features,0
multiple windows,0
a geometric grid - like facade,1
a gray skyscraper,1
large reflective glass panels,0
a light gray modern - style office building,1
medium - sized grid - like windows,0
a white building,1
multiple black windows,0
medium size,0
"large , grid - patterned rectangular windows",0
a light gray building,1
a flat rooftop,1
peeling paint,0
"a white , modern office building",1
medium height,0
its rectangular windows,0
a grid - like arrangement,0
a gray building,1
rectangular windows,0
a castle - like design,0
the top,0
the background,0
another gray structure,1
a brick texture,0
This structure,1
tall rectangular windows,0
arch - like frames,0
medium height,0
surrounding buildings,1
a residential or industrial style,0
the large beige building,1
a rectangular grid,0
the large gray commercial or office building,1
tall rectangular windows,0
a large bluish - gray building,1
a flat rooftop,1
a ventilation structure,1
curved pipes,0
a large beige building,1
a tall rectangular shape,0
vertical striped patterns,0
a medium - sized building,1
red and beige hues,0
rectangular windows,0
a layered brick design,0
a small gray wall blemish,1
a cracked texture,0
darker smudges,0
a medium - to - large brown building section,1
vertical rectangular patterns,0
a shadow contrast,0
its tile - textured facade,1
the white building,1
large rectangular windows,0
the gray building,1
a flat rooftop,1
"Next , slightly veer",0
a gray tall building,1
arched windows,0
a large modern office building,1
the grey,0
white medium - sized commercial building,1
vertical protruding columns,0
"a tall , white skyscraper",1
uniformly distributed windows,0
a modern architectural style,0
the right,0
"a medium - sized , tan pyramid - shaped structure",1
"a medium - sized , beige architectural landmark",1
a pyramid - shaped roof,1
a weathered appearance,0
the large gray building,1
a flat roof and triangular structure,1
the rooftop,1
the same gray building,1
ventilation units,0
another large gray structure,1
a grid - patterned window facade,1
a skyscraper,1
a tall and narrow modern skyscraper,1
a unique lattice structure,1
a slightly twisted design,0
its dark gray reflective glass,0
"the tall , gray skyscraper",1
rectangular windows,0
"Then , head",0
a left turn,0
a large skyscraper,1
dark blue and gray glass windows,0
a grid pattern,0
the light beige modern commercial or office building,1
its textured concrete panels,0
circular indents,0
large flat walls,1
multiple stories,0
the grey skyscraper,1
the tallest building,1
numerous windows,0
the brown medium - sized rectangular building,1
Slightly halt,0
the light grey medium - sized commercial building,1
arched windows,0
open entrances,0
a large gray building,1
glass windows,0
the surroundings,0
a large brown skyscraper,1
"tall , rectangular windows",0
a large beige structure,1
a grid - like pattern,0
multiple windows,0
another large beige building,1
rectangular blocks,1
window cutouts,0
a medium light brown structure,1
dark grid lines,0
large glass windows,0
an exterior grid pattern,1
a modernist architectural style,0
the dark gray building,1
a triangular roof,1
a textured surface,0
the light grey skyscraper,1
its tall office design,0
the next structure,1
rectangular windows,0
the dark grey edifice,0
its multiple aligned rows,0
narrow white vertical panels,0
the upper levels,0
a multistory commercial or residential building,1
a light brown commercial building,1
a flat rooftop,1
a weathered surface,1
medium size,0
a medium - sized white building,1
a rectangular shape,0
multiple windows,0
a medium - sized brown building,1
arched windows,0
a brick façade,0
"a medium - to - large , multi - story modern office or commercial building",1
its brown color,0
large glass panels,0
concrete columns,0
"the large , modern skyscraper",1
its gray color and multi -story structure,1
large rectangular windows,0
the medium - sized commercial building,1
an old and worn gray façade,0
a large brown building,1
a flat rooftop,1
another building,1
its light brown color,0
medium size,0
rectangular windows,0
a flat roof,1
a medium - sized grey commercial building,1
its large glass windows,0
dark frames,0
prominent horizontal lines,0
the top,0
your journey,0
a light brown building,1
multiple vertical windows,0
its large size,0
a slight right turn,0
a light gray skyscraper,1
a multi - story structure,1
many windows,0
its significant height,0
Slightly veer,0
a beige building,1
its brick exterior,1
black windows,0
its large stature,0
your movement,0
This structure,1
a medium size,0
a modern residential building,1
a grey modern residential building,1
a large rooftop ventilation system,1
a blue - gray building,1
tall rooftop structures,1
a large rectangular grille,0
a pipeline,0
the top,0
the white government building,1
a medium - sized clock,0
the main entrance,0
the light gray building rooftop,1
a large decorative ledge,0
an arched structure,1
the grey office building,1
a large rectangular grid,0
the gray modern architectural structure,1
large cylindrical columns,0
the refined and fluent sentence,0
the given details,0
"a large , tall , rectangular gray building",1
vertical window lines,0
another large gray building,1
multiple dark - tinted windows,0
a medium - sized white building,1
grid - like windows,0
a medium,0
large green palm tree,0
thin trunks,0
leafy tops,0
a large green hill,0
elevated terrain,0
a winding road,1
a medium - sized modern commercial or office foreground building,1
large dark glass windows,0
diagonal marble patterns,0
a marble texture,0
a beige building,1
a brick - textured facade,1
rectangular windows,0
a large building,1
a white and black geometric grid pattern,0
a grey curved facade,1
a modern office skyscraper,1
a simple rectangular facade,1
wide windows,0
a historical building,1
a gray brick and panel facade,1
arched windows,0
a slight left turn,0
a modern high - rise skyscraper,1
a dark exterior,1
reflective gold hues,0
a grid - like window design,0
reflective glass,0
a slight right turn,0
a modern skyscraper,1
a golden reflective exterior,1
a glass facade,1
a grid - like structure,1
a modern glass - covered high - rise building,1
reflective black and gold tones,0
a grid,0
rectangular windows,0
a bright reflective glare,0
its center,0
the frame,0
The journey,0
several steps,0
directional changes,0
various landmarks,1
a medium,0
** commercial or office building,1
a ** brown brick façade,0
large rectangular windows,0
* large building,1
light beige coloration,0
rectangular windows,0
** symmetrical columns,0
a ** large brown building,1
a ** medium - sized white building,1
evenly spaced square sections,1
a ** clean modern design,0
"a large , modern building",1
a dark gray triangular rooftop,1
a large urban office building,1
a dark brown facade,1
the visible side,0
a gray skyscraper,1
a tall spire,0
low - rise commercial / industrial building,1
a flat rooftop,1
multiple ventilation units,0
the towering surrounding skyscrapers,1
"a dark gray , modern high - rise building",1
numerous windows,0
the field,0
another dark gray building,1
"a tall , rectangular structure",1
a flat roof,1
the left,0
a gray building,1
a brick façade,0
multiple windows,0
medium size,0
a dark grey multi -story structure,1
large windows,0
a medium - sized gray commercial building,1
a rooftop and industrial equipment,1
the grey skyscraper,1
its large square windows,1
"Then , slightly veer",0
the right,0
This building,1
the grey building,1
an angular roof,1
the dark grey modern commercial building,1
a triangular prism,0
a gray skyscraper,1
a glass facade,1
a reflective surface,1
another large gray building,1
rectangular windows,0
a blocky structure,1
a gray cylindrical skyscraper,1
grid - like reflective windows,0
a medium - sized gray modern architectural building,1
a triangular apex,0
surrounding skyscrapers,1
a white building,1
large rectangular windows,0
Slightly veer,0
"a large , dark modern building",1
numerous windows,0
a rooftop structure,1
"a medium - sized , brown brick building",1
"a medium - sized , gray structure",1
an upper metal facade,1
an urban residential / commercial building,1
a large white building,1
rectangular windows,0
a large golden - brown tower,1
a diamond - shaped structural pattern,0
a large dark gray modern skyscraper,1
glass windows,0
clean lines,0
a medium - sized brown commercial building,1
its brickwork texture,0
"a large , dark gray building",1
a grid - like window pattern,0
"a large , gray building",1
a flat rooftop,1
visible weathering,0
peeling surfaces,0
"a large , beige rectangular structure",1
distinct edges,0
"a large , gray skyscraper",1
a glass facade,1
grid patterns,0
a medium - sized gray commercial building,1
visible air conditioning units,0
"the tall , dark gray building",1
large rectangular windows,0
the dark brick building,1
arched windows,0
the dark building,1
a brick exterior,1
rectangular windows,0
the tall gray skyscraper,1
reflective glass windows,0
the left,0
a gray historic building,1
a brick facade,1
decorative elements,0
the white modern building,1
a triangular facade,1
a light gray building,1
medium - sized rectangular windows,0
another building,1
dark gray color,0
large rectangular windows,0
an arch pattern,0
the higher floors,1
a mid-rise structure,1
its dark grey hue,0
lighter grey accents,0
rectangular windows,0
a repetitive pattern,0
the lower levels,0
a flat roof,1
its use,0
a commercial or residential building,1
a light brown commercial building,1
large rectangular windows,0
lower windows,0
a large grey skyscraper,1
modern high - rise architecture,0
glass windows,0
a brown building,1
a brick facade,1
tall rectangular windows,0
a medium - sized dark grey commercial structure,1
its flat roof,1
ventilation systems,0
"a large , dark - gray urban landmark",1
a brick building,1
large arched windows,0
"a large , gray building",1
a flat roof,1
a medium - sized gray office building,1
a tall structure,1
large windows,0
the facade,1
other buildings,1
the scene,0
"a large , modern urban building",1
its gray color,0
square windows,1
a black rooftop,1
a tall building,1
its white color,0
a grid - like arrangement,0
a medium - sized modern structure,1
light gray walls,1
dark window frames,0
rectangular grid - patterned windows,0
some visible wear,0
the facade,1
a large building,1
a black - and - white color scheme,0
a grid - like glass facade,1
reflective panels,0
a left turn,0
a medium - large office building,1
its gray color,0
corner design,0
rooftop structures,1
a large beige building,1
rectangular windows,0
a brick texture,0
a medium gray apartment building,1
a cuboid - like structure,1
several small square windows,1
a left,0
a large brown building,1
a tall brown building,1
a cylindrical design,0
a flat rooftop,1
a large gray building,1
scattered small structures,1
a tall red - brown residential or office building,1
a flat roof,1
a large beige building,1
a rectangular shape,0
multiple windows,0
a distinct design,0
the top,0
another large beige structure,1
textured walls,1
vertical sections,0
rooftop structures,1
a commercial / industrial building,1
a large gray office building,1
modern architecture,0
a grid,0
Gradually pause,0
a medium - sized modern commercial office building,1
a light blue reflective glass facade,1
the gray building,1
large size,0
rectangular windows,0
a rooftop array,1
a medium - sized building,1
a dark gray stone facade,1
narrow windows,0
a large modern building structure,1
black rectangular sections,0
vertical panel textures,0
a medium - sized industrial structure,1
dark brick,0
rectangular windows,0
the grey tall building,1
its multiple setbacks,0
a unique top structure,1
a large commercial building,1
a ** medium - sized brown building,1
brick texture,0
a ** medium - sized light gray chimney structure,1
a ** rectangular shape,0
flat top,0
a ** medium - sized light bluish - gray low - rise building,1
a ** flat roof,1
small structures,1
the high - rise buildings,1
the background,0
"the large , grey building",1
its rectangular shape,0
arched windows,0
the large grey building,1
rectangular windows,0
another similar structure,1
a large beige building,1
its height,0
multiple floors,1
a third similar building,1
"a tall , dark structure",1
its vertically stacked sections,0
a tall and narrow dark grey office building,1
a grid pattern,0
"a medium - sized , dark gray building",1
gothic architecture,0
pointed roofs,1
numerous windows,0
surrounding skyscrapers,1
"a large , dark gray structure",1
a rectangular shape,0
flat roof,1
brick texture,0
a large gray building,1
a grid - like reflective glass facade,1
"a large , dark structure",1
a glass facade,1
a water surface,1
a modern building,1
striking features,0
"a large , grey building",1
"a modern , rectangular shape",0
a medium - sized white building,1
a four - story structure,1
rectangular windows,0
a large beige flat rooftop structure,1
surface discoloration,0
a large dark gray commercial or industrial building,1
multiple floors,1
metallic canopies,0
"the large , gray office building",1
a grid - like facade,1
"the large , dark grey structure",1
a rectangular shape,0
numerous small windows,0
the skyscraper facade,1
a large dark blue color,0
a grid pattern,0
reflective glass panels,0
the tall and wide modern building,1
glass facade,1
cylindrical columns,0
dark grey,0
a large brown advertisement billboard,1
a silhouette design,0
a large gray skyscraper,1
its tall rectangular structure,1
many uniform windows,0
a grid pattern,0
a dark gray building,1
a circular window pattern,0
a grey and blue skyscraper,1
its tall structure,1
a square - based shape,1
tiered design,0
a tall skyscraper,1
a uniform window pattern,0
the beige building,1
"its tall , narrow structure",1
arched windows,0
"a large , multistory skyscraper",1
the gray building,1
historic architectural elements,0
the light beige building,1
its tall stature,0
the grey,0
medium - sized multiple protruding ledges,0
vertical columns,0
the large modern building,1
its gray hue,0
extensive windows,0
flat roof,1
another imposing structure,1
rectangular windows,0
the building,1
a similarly large edifice,0
"Finally , pause",0
the expansive modern skyscraper,1
its gray color,0
large vertical columns,0
a glass facade,1
a refined and fluent sentence,0
the scattered information,0
a tall modern building,1
white rectangular windows,0
a grid - like pattern,0
a large gray building,1
rectangular windows,0
a medium - sized structure,1
a yellowish glow contrasting,0
dark surroundings,0
illuminated windows,0
grid - like panes,0
a medium - sized gray building,1
tall vertical narrow windows,0
a grid,0
a residential or institutional structure,1
visible brick,0
a large white and black building,1
multiple windows,0
"Then , head",0
another slight left turn,0
a brown building,1
a brick facade,1
a large modern building,1
its dark color,0
glass panels,0
an elevated structural design,0
a historic building,1
red - brown hues,0
classic architecture,0
medium size,0
a modern building,1
its white color,0
rectangular windows,0
a grid - like pattern,0
a medium size,0
a short distance,0
a modern - style building,1
gray shades,0
large columns,0
a large size,0
"the tall , large , gray office building",1
a distinct stacked architectural design,0
"the large , dark office building",1
a grid - like window pattern,0
the large beige building,1
another large beige building,1
rectangular windows,0
fire escape ladders,0
a commercial building,1
the large dark gray modern office building,1
an antenna structure,1
the large yellow billboard,1
"a "" DRINK ICE COLD "" sign",0
a soda bottle advertisement,0
the medium - height light gray structure,1
a decorative top,0
an advertisement board,0
the immediate surrounding buildings,1
the tallest building,1
""" Head",0
a medium gray building,1
a large rectangular facade,1
a dark rooftop,1
multiple windows,0
a medium - sized light beige mid-rise structure,1
large rectangular windows,0
decorative roof details,1
the immediate buildings,1
the background,0
This second building,1
a commercial or residential structure,1
a historic building,1
its beige color,0
a decorative stonework facade,1
vertical counterparts,0
medium size,0
another building,1
the same color,0
rectangular windows,0
Slightly veer,0
a beige building,1
a brick exterior,1
wooden - framed windows,0
a slight stop,0
a modern office building,1
a black and white grid - like facade,1
the light beige building,1
a tall structure,1
vertical window grids,0
a brown building,1
rectangular windows,0
medium size,0
a white building,1
its tall rectangular structure,1
multiple windows,0
a gray industrial structure,1
a large flat roof,1
a brief stop,0
a modern urban building,1
a blend,0
brown and white hues,0
predominantly square windows,1
frame panels,0
white columns,0
the base,0
This building,1
"a gray , high - rise building",1
multiple windows,0
a light gray building,1
subtle tones,0
multiple rows,0
decorative cornices,0
rooftop structures,1
the cityscape,1
the ** beige skyscraper,1
tall rectangular windows,0
the *,0
beige rectangular structure,1
symmetric design,0
tall windows,0
the ** grey stone - textured building,1
decorative trims,0
small balcony - like ledges,0
intricate moldings,0
a ** classical architectural style,0
"a large , gray building",1
a rectangular shape,0
"a large , gray radio tower",1
a tall structure,1
a lattice design,0
"a large , gray modern architectural wall",1
geometric patterns,0
"a large , dark gray modern facade",1
exterior wall,1
a smooth surface,1
slight texture,0
"a medium - sized , gray square",1
an open paved space,0
tall buildings,1
a left,0
"a medium - sized , gray modern building",1
a blue ' Leartes Bank ' billboard,1
the surrounding skyscrapers,1
a medium - sized beige building,1
a rectangular structure,1
a flat roof,1
visible rooftop equipment,1
nearby structures,1
a large gray building,1
a grid - like window facade,1
its surrounding buildings,1
"a large , light gray building",1
horizontal slats,0
the façade,0
a large architectural structure,1
rectangular tiled pillars,0
an elevated platform,0
"a medium - sized , modern office or industrial - style building",1
its surroundings,0
gray horizontal paneling,0
evenly spaced small rectangular windows,0
yellow light,0
The sequence,0
a large gray building,1
a flat rooftop,1
visible ventilation,0
a rectangular structure,1
horizontal divisions,0
open sections,0
a large gray man-made structure,1
wall segment,1
its smooth concrete texture,0
rectangular edges,0
a medium - sized gray modern building,1
smooth curved corners,0
horizontal slits,0
its concrete texture,0
a tall skyscraper,1
a light gray facade,1
dark windows,0
vertical architectural elements,0
multiple rows,0
a multi - story rectangular building,1
a light beige exterior,1
a flat rooftop,1
This medium - sized structure,1
the surrounding buildings,1
a large gray - blue skyscraper,1
a multi-tiered high - rise,0
rectangular windows,0
a flat roof,1
a slight right turn,0
a prominent corner building,1
light gray coloring,0
repetitive arched windows,0
vertical design features,0
This tall and wide structure,1
a multi- tiered appearance,0
the nearby buildings,1
a large light beige building,1
a tall rectangular shape,0
multiple windows,0
decorative architectural elements,0
a tall and relatively wide light gray building,1
a multi - level architectural style,0
arched windows,0
the top floors,1
rectangular windows,0
the middle floors,1
the surrounding structures,1
the snowy landscape,0
"a large , smooth , flat surface",1
a tall building,1
a beige color and horizontal stacked layers,0
rectangular cutouts,0
a building,1
a gray roof,1
air conditioning units,0
a beige skyscraper,1
large grid - patterned windows,0
"a medium , light grey building",1
a flat rooftop,1
mechanical equipment,0
a medium grey commercial building,1
a flat rooftop housing HVAC units,1
solar panels,0
a very tall light grey skyscraper,1
rectangular windows,0
a billboard,1
the top,0
a tall light grey high - rise,0
a rectangular block,1
numerous windows,0
several stories,0
a top - down cityscape perspective,1
the large gray building,1
rectangular windows,0
a large building,1
a modern facade boasting curved corners,1
a big building,1
rounded corners,0
multiple vertical ridges,0
a large structure,1
textured walls,1
multiple groove sets,0
a medium - rise building,1
blue - grey,0
horizontal indentations,0
protruding elements,0
a modern residential or commercial building,1
a modern building,1
its light gray color,0
large size,0
a roof,1
square ventilation openings,1
a flat rooftop,1
smooth tiles,0
a grid pattern,0
medium size,0
a narrow passage,0
"tall , light grey buildings",1
an urban cluster,0
another building,1
a large rooftop housing HVAC systems,1
emergency exit structures,1
an office building,1
the neighboring structure,1
rooftop ventilation units,1
a design,0
vertical slats,0
"a large , modern architectural structure",1
horizontal bands,0
small vents,0
another building,1
gray rectangular windows,0
balcony features,0
the large size,0
a medium - sized gray cuboidal air vent,0
a gentle descent,0
"a medium , light gray vent",0
the grey,0
tall structure,1
a flat roof,1
visible rooftop equipment,1
a large building,1
"the gray , multi - story building",1
arched windows,0
a high - rise,0
a large beige building,1
tall structures,1
multiple rows,0
arched windows,0
a white and beige modern building,1
large windows,0
rooftop HVAC units,1
a gray building,1
its tall rectangular structure,1
grid - like windows,0
vertical design elements,0
its distinct small size,0
symmetrical design,0
taller buildings,1
a light gray building facade,1
horizontal slotted windows,0
ventilation details,0
a large size,0
a modern light blue block - like structure,1
horizontal window slits,0
its facade,1
a large gray - brick building,1
its rectangular shape,0
arched windows,0
a tall gray skyscraper,1
an antenna,1
another large gray building,1
its tall rectangular structure,1
a spire,0
the large grey concrete wall,1
a significant recess,0
an architectural structure,1
the medium - sized green boxy building,1
another large green blocky structure,1
the green building,1
a flat roof,1
multiple sections,0
the large brown and grey building,1
multiple windows,0
the large grey tower crane,1
the large multi - storied grey building,1
horizontal lines,0
square windows,1
the large brown building,1
prominent corner features,0
the medium - sized light grey rooftop structure,1
mechanical equipment,0
surrounding skyscrapers,1
a commercial or industrial building,1
the beige cylindrical mast,0
a supporting frame,0
a rooftop,1
a large telecommunications tower,1
a dark grey tall building,1
a large skyscraper,1
a gray commercial building,1
medium - sized dimensions,0
an arch design,0
multiple stories,0
the light tan building,1
prominent rectangular windows,0
rooftop antennae,1
the gray building,1
a darker roof,1
The first building,1
either a residential or commercial structure,1
a modern building facade,1
dark blue,0
large rectangular blocks,1
a beige pillar,0
a medium - sized narrow vertical structure,1
a rounded ornament,0
the top,0
a large construction crane,1
interconnected beams,0
a beige modern building,1
large horizontal protruding ledges,0
a modern concrete building,1
medium - scale rectangular cutouts,0
a blocky pattern,1
"Finally , head",0
a large architectural landmark,1
a brown block - like structure,1
rectangular cutouts,0
beam shadows,0
"a medium - sized , gray concrete barrier",0
textured panels,0
ventilation openings,0
a tall grey building,1
square - shaped windows,1
a medium - height residential apartment building,1
a flat facade,1
vertical striped patterns,0
uniformly distributed windows,0
air conditioning units,0
the gray building,1
a large brick façade,0
a brown skyscraper,1
a tall structure,1
a prominent square roof,1
noticeable decorations,0
a red bridge,1
tall suspension cables,0
distinctive towers,1
a gray building,1
large rectangular windows,0
vertical blinds,0
a rectangular shape,0
many windows,0
a medium - sized white building rooftop,1
a flat structure,1
HVAC units,0
a large red bridge,1
suspension cables,0
another red bridge,1
suspension features,0
a rectangular grid façade and vertical lines,0
a tall blue - gray skyscraper,1
a billboard,1
the top,0
the first large gray high - rise building,1
the right,0
a second large brown skyscraper,1
its rectangular windows,0
another large gray building,1
multiple rectangular windows,0
a high - rise structure,1
a large gray suspension bridge,1
a medium - sized gray commercial building,1
a rooftop satellite dish,1
the gray floor tiles,1
"the gray , large rectangular area",0
a metallic surface,1
ventilation outlets,0
an HVAC system,0
the dark gray skyscraper,1
grid - patterned tall building windows,1
the green building,1
vent - like openings,0
the dark green area,0
large irregular openings,0
the roof edge,1
a medium - sized commercial building,1
a gray building,1
a brick façade,0
arched windows,0
another gray building,1
a sculpted structure,1
a building rooftop,1
an advertisement billboard,1
the right,0
a gray skyscraper,1
"its intricate , multi - windowed façade",0
a gray communication tower,1
its metallic structure,1
the light grey modern building,1
large dimensions,0
a curved corner feature,0
the large gray building,1
a tiered structure,1
horizontal bands,0
"Finally , head",0
the tall and slender gray rectangular tower,1
"layered , staggered balconies",0
the grey,0
multiple floors,1
visible antennas,1
a large building,1
the gray buildings,1
large urban structures,1
the dark gray building,1
a large communication tower,1
an antenna,1
a medium - sized commercial building,1
the grey skyscraper,1
large rectangular windows,0
the blue billboard,1
a large advertisement,0
another blue billboard,1
Charlie 's Chocolate sign,0
the gray building,1
a brick facade,1
arched windows,0
the gray commercial building,1
a tall structure,1
symmetric design,0
a billboard,1
the lower facade,1
a smooth and fluent combination,0
the given data elements,0
a comprehensive sentence,0
the journey,0
"a ** medium - sized , dark blue vent",0
grille - like structure,1
* horizontal slats,0
a ** large gray building wall,1
** vertical lines,0
a flat surface,1
"a ** large , dark gray building",1
rectangular windows,0
ventilation units,0
a ** medium - sized gray ventilation ductwork,0
curved and linear metallic structures,1
a ** large gray building rooftop,1
a *,0
metallic ridged surface,1
a ** medium - sized gray building,1
a right turn,0
a ** large green building wall,1
a ** flat surface,1
rectangular tiled patterns,0
This rewrite,0
the actions,0
the sentence,0
the details,0
the large gray building,1
numerous windows,0
horizontal blinds,0
"the tall , dark modern office building",1
horizontal rectangular window panes,0
the skyline,1
the large light gray building,1
an antenna,1
the large brown and beige building,1
a large bottle,0
the gray building,1
modern architecture,0
angular lines,0
the high - rise building,1
light grey,0
a rectangular facade,1
horizontal lines,0
a large building,1
window - like openings,0
the large building,1
rectangular horizontal windows,0
The sequence,0
"a medium - to - large , centrally focused green rectangular building",1
the Japanese word,0
( hotel,0
a large dark gray modern building,1
rectangular windows,0
vertical pipe - like structures,1
Another slight left turn,0
a tall gray building,1
significant vertical windows,0
"a gray , geometric industrial - style building",1
multiple horizontal divisions,0
a large gray structure,1
rounded corners,0
a modern facade,1
the right uncovers,0
a small architectural element,0
a vent - like grille,0
a rectangular frame,0
a small gray air vent,0
slatted grille details,0
a medium - sized industrial concrete structure,1
a rectangular form,0
a horizontal pathway,0
the depth,0
the image,0
a large gray modern high - rise building,1
rounded corners,0
horizontal lines,0
a large yellow construction crane structure,1
a large red advertisement,0
a billboard,1
a large gray residential building,1
multiple floors,1
a medium - sized building sign,1
the word,0
a red background,0
a large dark gray building,1
rectangular shapes,0
a large dark gray high - rise building,1
the roof,1
a small green commercial building,1
vertical lines,0
the front facade,1
adjacent buildings,1
the beige building,1
a large rectangular shape,0
multiple windows,0
the small structure,1
a white color,0
flat roof,1
white slanted wall,1
two chimneys,0
a residential or small utility building section,1
a gray medium - sized building,1
a modern facade,1
flat rooftops,1
antenna installations,1
a gray large building,1
brick texture,0
a flat roof,1
a gray large domed - roof building,1
a right turn,0
a gray large tall rectangular structure,1
a skyscraper,1
a light gray medium - sized commercial building,1
a billboard frame,1
a modern high - rise building,1
a beige color,0
large balconies,0
a similarly large building,1
a combination,0
beige hues,0
curved balconies,0
distinct vertical structures,1
the facade,1
"a medium - sized , rectangular grey building",1
multiple windows,0
"Then , shift",0
"a large , tall green structure",1
rectangular panels,0
a minimalist design,0
another large green building,1
a flat facade,1
minimal architectural details,0
"a tall , narrow white building",1
its rounded balconies,0
each floor,1
possibly a residential or office structure,1
a gray multi - story building,1
a large skyscraper,1
a beige building,1
a brick texture,0
rectangular windows,0
the building,1
a tall gray building,1
arched windows,0
a staggered pattern,0
its surroundings,0
a landmark building,1
a medium - sized gray building,1
an antenna,1
a rooftop billboard,1
a gray structure,1
a circular red sign,0
white text,0
a logo,0
a large rooftop landmark - sign,1
a large gray commercial building,1
"a billboard advertising "" Luxor Soap",1
rooftop antennas,1
the medium - sized gray building,1
rectangular windows,0
a flat rooftop,1
another medium - sized gray structure,1
its large arched windows,0
decorative trims,0
the surrounding taller skyscrapers,1
a historical - style building,1
a gray building,1
a facade,1
arched windows,0
a right turn,0
the large beige commercial building,1
expansive glass windows,0
advertising billboards,1
the office building,1
rectangular windows,0
vertical blinds,0
another right turn,0
large windows,0
"a tall , multi - story commercial building",1
the brick red commercial structure,1
tall horizontal window slats,0
The sequence,0
associated landmarks,1
a building,1
a gray color,0
a recessed rectangular central area,0
another building,1
an angled rooftop,1
flat surfaces,0
modern architectural elements,0
a right turn,0
a medium - sized green structure,1
a rooftop,1
ventilation ducts,0
a building component,1
a flat rooftop,1
angular designs,0
visible railings,0
a medium - sized gray building,1
a flat roof,1
rectangular structures,1
rooftop antennas,1
surrounding buildings,1
another gray structure,1
a medium size,0
sharp - edged rectangular outlines,0
angular rooflines,1
a modern gray building,1
an angular roof,1
satellite dishes,0
adjacent taller buildings,1
the grey building,1
"tall , repetitive curved balconies",0
another gray building,1
curved balconies,0
"a large , gray building",1
horizontal elements,0
another tall grey building,1
multiple horizontal slats,0
a repetitive pattern,0
"a large , multi - story grey building",1
horizontal flat layers,0
vertical beams,0
a medium - to - large rectangular building,1
a gray color,0
multiple windows,0
"a tall , light beige building",1
a consistent pattern,0
horizontal grooves,0
its height,0
a meticulous sequence,0
"a large , modern high - rise building",1
a gray color,0
rooftop structures,1
rectangular windows,0
"a tall , multi - story gray building",1
a rooftop,1
solar panels,0
an open grid structure,1
a medium - sized light gray building,1
a flat rooftop,1
a square metallic structure,1
its center,0
high - rise buildings,1
gray building,1
curved corners,0
horizontal grooves,0
a modular design,0
protruding elements,0
the medium - sized gray building,1
a flat rooftop,1
the medium - sized gray commercial structure,1
a large advertising billboard,1
a red car,0
the surrounding buildings,1
the white billboard,1
an illustrated character,0
an advertisement,0
the gray building,1
large rectangular windows,0
rooftop billboards,1
a large structure,1
the light brown building,1
a darker roof,1
the gray office building,1
a satellite dish,0
rooftop equipment,1
"a beige , medium - sized apartment building",1
a flat roof,1
"a light beige , medium - sized modern commercial building",1
the facade,1
a unique extended section,0
the top floors,1
high - rise building,1
its rectangular structure,1
multiple floors,1
nearby structures,1
another building,1
large rectangular windows,0
an office building,1
its tall appearance,0
decorative window frames,0
a left,0
a large gray building,1
tall skyscrapers,1
rectangular windows,0
a light gray medium - sized building,1
a flat roof,1
a billboard,1
the surrounding taller buildings,1
a residential / commercial low - rise structure,1
"the large , brown building",1
a grid,0
the medium - height grey commercial building,1
large rectangular windows,0
a satellite dish,0
the roof,1
the beige building,1
curved balconies,0
a tall stature,0
the similarly colored building,1
horizontal layers,0
uniform gaps,0
"the tall , beige modern high - rise showcasing",0
a repetitive rectangular pattern,0
horizontal slits,0
a gray building,1
contemporary architecture,0
horizontal lines,0
a medium - sized gray rectangular building,1
a rooftop ventilation structure,1
a large gray modern high - rise structure,1
rectangular windows,0
a tall light - gray building,1
a horizontally segmented design,0
black line details,0
the large green building,1
vertical white stripes,0
slightly veer,0
the tall gray modern office building,1
satellite dishes,0
a grid pattern,0
the facade,1
the light gray building,1
a rectangular shape,0
regular window patterns,0
the gray building,1
concrete balconies,0
open spaces,0
"Afterward , veer",0
another gray structure,1
vertical grooves,0
a large residential tower,1
modern high - rise architecture,0
uniform rectangular windows,0
the grey building,1
a grid - like pattern,0
a straight line,0
the large brown building,1
rectangular windows,0
the gray building,1
numerous large rectangular windows,0
the gray office building,1
horizontal window blinds,0
a light gray high - rise building,1
a grid pattern,0
horizontal lines,0
rectangular windows,0
a large high - rise building,1
a modern façade and vertical windows,0
a gray building,1
rooftop structures,1
"the large , light grey building",1
rectangular windows,0
a medium - sized structure,1
"the large , grey building",1
a flat roof,1
minimal decoration,0
a rectangular shape,0
a gray building,1
a flat roof,1
multiple windows,0
a medium size,0
a brown building,1
"large , rectangular windows",0
"a large , gray building",1
cylindrical structures,1
horizontal banding,0
a gray skyscraper,1
medium - sized grid - like windows,0
a light gray modern high - rise,0
"tall , rectangular windows",0
vertical bars,0
the leftmost building,1
a large telecommunications tower,1
its dark gray color,0
a sizable rooftop structure,1
an antenna,1
"the white and green , multi - story building",1
a green rooftop,1
a left,0
the large grey building,1
rectangular windows,0
an elongated shape,0
the described landmarks,1
these steps,0
a large gray building,1
rectangular vent - like slats,0
another large gray building,1
curved edges,0
horizontal accents,0
a medium gray building,1
rectangular windows,0
a flat facade,1
a large dark gray building,1
a roof,1
a decorative façade,0
large windows,0
a medium - sized gray building,1
a rooftop installation,1
a large antenna,1
metallic bars,0
its base,0
the surrounding buildings,1
the beige urban office building,1
large rectangular windows,0
a uniform grid pattern,0
the light brown building,1
the light beige office skyscraper,1
multiple floors,1
small windows,0
a grid pattern,0
"the large , dark grey building",1
vertical panels,0
horizontal seams,0
"a large , green building",1
vertical lines,0
a right turn,0
"a tall , beige rectangular building",1
numerous windows,0
a beige office building,1
arched windows,0
a communication tower,1
its roof,1
a gray high - rise building,1
a large rectangular structure,1
a repeated window pattern,0
"a tall , gray rectangular building",1
grid - like windows,0
a right,0
a medium - sized gray building,1
a rectangular rooftop,1
a billboard,1
a large white and blue advertisement structure,1
an illustration,0
a dark gray medium - sized structure,1
a rooftop billboard,1
a vintage - style advertisement,0
utility installations,0
an antenna,1
a large gray skyscraper,1
a pointed roof,1
a gray commercial building,1
rectangular windows,0
dark frames,0
a grid pattern,0
the large beige building,1
its curved lines,0
repetitive window patterns,0
the large gray building,1
a cylindrical design and horizontal grooves,0
Slightly veer,0
the large gray modern building,1
a concrete structure,1
horizontal slits,0
the large grey modern commercial or office building,1
a horizontal and vertical grid pattern,0
the large gray residential skyscraper,1
vertical grooves,0
rounded balconies,0
the large brown building wall,1
smooth panels,0
horizontal seams,0
the large grey architectural structure facade,1
rounded edges,0
a slight left turn,0
"the medium - sized , beige building",1
"a flat , rectangular roof",1
the very large building,1
black accents,0
multiple rows,0
dark windows,0
a rotating radar antenna,1
the largest modern office building,1
the area,0
the gray modern skyscraper,1
large rounded corner balconies,0
the light gray residential apartment building,1
tall curved balconies,0
external air conditioning units,0
the large gray building,1
a grid,0
ornate stone trim,0
a large brown skyscraper,1
a grid - like window pattern,0
a tall structure,1
a medium - sized light grey commercial building,1
rounded windows,0
decorative moldings,0
a smooth and fluent combination,0
the provided scattered actions,0
a large blue - gray building,1
"a curved , cylindrical structure",1
a recessed section,0
a right turn,0
a large gray building,1
horizontal slats,0
square openings,1
another large blue - gray building,1
"horizontal , layered panels",0
small vent - like openings,0
a large blue - gray water storage tank,0
a ribbed cylindrical surface,1
a large gray industrial storage container,0
rectangular crates,0
rounded edges,0
a modern gray building,1
horizontal grooves,0
rectangular edges,0
a medium - to - large beige modern building,1
a smooth surface,1
rectangular openings,0
"a gray , medium - sized residential block",1
a flat roof,1
symmetrical windows,0
each floor,1
the dark gray large white advertising billboard,1
' AMERICA,0
a red car image,0
a skyscraper building,1
the tall gray skyscraper,1
many windows,0
the beige cylindrical building,1
vertical windows,0
the modern large building,1
grey and brown colors,0
brown frames,0
a grey skyscraper,1
rectangular windows,0
modern design,0
a tall stature,0
a right turn,0
a medium - sized dark blue building,1
a dome - shaped top,0
its rooftop,1
a prominent grey commercial building,1
a rectangular grid,0
a billboard,1
the roof,1
its surrounding buildings,1
"the grey , medium - sized part",0
a multi - story building,1
horizontal slit - like windows,0
a vertical stack,0
a modern office or commercial building,1
the large gray building,1
rounded corners,0
rectangular windows,0
"the gray , medium - sized , bottle - shaped structure",1
the rooftop,1
a notable feature,0
the commercial building,1
"a gray , tall multi - story structure",1
numerous windows,0
a dark gray building,1
rectangular windows,0
a tiered structure,1
a very large size,0
a gray historic - style urban building,1
a prominent water tank,0
the roof,1
a mid-rise size,0
the large gray building,1
rectangular panels,0
the large light blue modern building,1
curved balconies,0
the large gray structure,1
its rounded shape,0
protruding sections,0
a modern high - rise apartment,0
another large gray modern building,1
rectangular indents,0
visible vent units,0
a smooth facade,1
the structure,1
a greenish - grey hue,0
a horizontal layered design,0
protruding elements,0
This structure,1
modern or contemporary architecture,0
a large gray modern high - rise building,1
small ventilation - like windows,0
horizontal panel patterns,0
another large gray building,1
a grid - like structure,1
protruding horizontal slabs,0
another large light gray building,1
rectangular windows,0
a slight left turn,0
a large light blue - gray building,1
a smooth surface,1
panel - like divisions,0
a medium - to - large gray structure,1
a modern high - rise,0
a medium - to - large gray office building,1
vertical windows,0
air conditioning units,0
a modern urban building,1
multiple rectangular windows,0
a flat exterior,1
its façade,0
the beige skyscraper,1
multiple tiers,0
large windows,0
the tall beige building,1
a rectangular structure,1
repetitive horizontal lines,0
curving edges,0
the large gray building,1
horizontal grooves,0
a modern residential or commercial high - rise,0
a medium - to - large size,0
its gray color,0
rounded corners,0
rectangular cutouts,0
a large gray building,1
its rectangular structure,1
large windows,0
a medium - height light gray office building,1
a decorative roof design,1
a pattern,0
small triangular elements,0
the actions,0
a coherent and fluent sentence,0
all the information,0
a left turn,0
a large gray building,1
a rectangular structure,1
horizontal slats,0
a grid - like pattern,0
another large gray building,1
a grid pattern,0
horizontal and vertical lines,0
a large green building facade,1
a smooth rectangular wall,1
visible panel divisions,0
a shadow,0
"a large , modern building",1
its grey color and rounded corners,0
"a medium - sized , modern exterior wall",1
its green color,0
", smooth walls",1
large block sections,1
a dark gray building,1
large rectangular windows,0
a light beige commercial building,1
medium - sized rectangular windows,0
a dark gray skyscraper,1
a tall rectangular structure,1
"Next , shift",0
a beige building,1
a large antenna,1
the roof,1
a light beige building,1
a rooftop antenna,1
a brown building,1
a dome roof,1
a complex light brown,1
beige office building,1
a modern design,0
"the tall , gray landmark building",1
historic architectural design,0
rooftop spires,1
"the medium - height , dark brown structure",1
a dark rooftop and window bars,1
the surrounding buildings,1
either a commercial or residential block,1
a light gray tiled wall,1
rectangular tiles,0
grout lines,0
a medium size,0
a gray criss - cross bridge structure,1
medium size,0
a gray modern building,1
a rectangular high - rise structure,1
grid - like windows,0
a large building,1
rectangular panels,0
horizontal window slits,0
a gray building wall,1
a paneled surface,1
visible rectangular patterns,0
large dimensions,0
a gray modern high - rise building,1
rectangular windows,0
grid panels,0
a gray modern skyscraper,1
tall and prominent rectangular windows,0
integrated ventilators,0
a medium - sized gray commercial office building,1
a uniform grid,0
an antenna,1
the rooftop,1
the surrounding buildings,1
a dark green building wall,1
"smooth , horizontal paneling",0
a large size,0
a gray building,1
"large , rectangular vent - like openings",0
a grid pattern,0
a dark gray modern commercial building,1
horizontal slats,0
a multi - story structure,1
the brown sculpture,0
a large soft drink bottle,0
slightly veer,0
a gray tall tower,1
a metallic structure,1
an antenna,1
a right,0
the brown landmark structure,1
a bottle shape,0
the beige building,1
a large advertisement billboard,1
a medium - sized commercial building,1
surrounding buildings,1
the light gray modern high - rise building,1
tall and narrow dimensions,0
rectangular windows,0
a simple facade,1
the gray building,1
horizontal wave - like patterns,0
a large size,0
"Then , veer",0
another gray modern high - rise building,1
the light gray structure,1
a vertical louvered,0
the center,0
medium size,0
surrounding buildings,1
modern architecture,0
the skyscraper,1
a light grey tall building,1
vertical window arch patterns,0
the dark gray office building,1
grid - like windows,0
large size,0
the tall brown skyscrapers,1
the medium dark skyscrapers,1
distinct ornamentation,0
a large gray building,1
curved and rectangular structures,1
inset windows,0
a tall gray modern high - rise building,1
vertical divisions,0
glass panes,0
a medium - sized beige building,1
its multi -story structure,1
distinct rectangular windows,0
the gray building,1
large rectangular windows,0
the similar gray building,1
a solid wall,1
horizontal lines,0
small windows,0
the bottom,0
the cream - colored skyscraper,1
"tall , grid - like windows",0
"the large , rectangular gray skyscraper",1
numerous windows,0
the tall and somewhat narrow gray skyscraper,1
smaller windows,0
neighboring buildings,1
the tallest structures,1
the left section,0
the image,0
a small gray vent,0
a metallic - framed ventilation grille,0
a large gray structure,1
stacked horizontal grooves,0
smooth rectangular segments,0
a modern building exterior,1
the location,0
the blue crisscross steel beams,0
the tall construction crane,1
a slight right turn,0
the area,0
a light gray grid,0
recessed square openings,1
the large modern building facade,1
the dark gray building,1
numerous windows,0
the right,0
the blueish - gray commercial high - rise building,1
rectangular windows,0
arched tops,0
decorative cornices,0
an impressive multi - story height,0
the gray skyscraper,1
a massive and tall building,1
"a steep , stepped design",0
another gray building,1
"a large , tall rectangular structure",1
multiple windows,0
rooftop antennas,1
the left,0
"a tall , light grey",0
large modern building,1
rectangular structures,1
a large grey building facade,1
horizontal patterns,0
vertical dividers,0
a right,0
a large grey modern residential or office building,1
a curved facade,1
recessed sections,0
a large gray building,1
grid - like windows,0
horizontal louvers,0
slightly veer,0
a light gray structure,1
numerous evenly spaced horizontal windows,0
a large grey building,1
rectangular windows,0
horizontal striations,0
straight and slightly veer,0
a large gray industrial / commercial building,1
horizontal slits,0
a concrete wall,1
a beige modern office building,1
a grid - like arrangement,0
uniformly sized windows,0
the surrounding buildings,1
a large gray building,1
a facade,1
grid - like rectangular panels,0
recessed squares,1
protruding elements,0
a left,0
a large yellow metallic structure,1
a horizontal beam,0
a construction crane,1
a dark rectangular multi - story building,1
glass windows,0
a skyscraper,1
a dark gray cylindrical structure,1
rounded edges,0
visible ventilation pipes,0
surrounding buildings,1
( a commercial / utility building,1
"a large , gray building",1
"modern , rectangular patterns",0
square - like windows,1
a large blue building facade,1
stacked horizontal panels,0
curved features,0
a large gray skyscraper,1
its protruding horizontal slats,0
"a medium - sized , gray residential building",1
vertical slit windows,0
"a large , grey skyscraper",1
a tall building,1
many windows,0
a similar structure,1
a grey color,0
its rectangular and tall shape,0
numerous windows,0
the right,0
"a large , brown building",1
rectangular windows,0
a very tall grey skyscraper,1
a distinct tower - like top,1
grid - like windows,0
the surrounding buildings,1
an advance,0
a large beige building,1
rectangular windows,0
detailed architectural edges,0
a medium - sized red - brown building,1
a brick exterior,1
another medium - sized building,1
a flat rooftop,1
a medium - sized building,1
a white color,0
dark brown,0
a modern rectangular facade,1
multiple balconies,0
horizontal slats,0
possibly an apartment or office building,1
a multistory building,1
dark brown accents,0
a textured facade,1
dark horizontal railings,0
a stone pattern,0
likely a modern residential or apartment building,1
a dark green structure,1
a smooth surface,1
horizontal paneling,0
a large building wall,1
a large gray skyscraper,1
curved side windows,0
a large gray building,1
modern architecture,0
vent openings,0
a left turn,0
an antenna,1
rectangular windows,0
a slatted design,0
a medium - sized light gray modern building,1
horizontal bands,0
the building,1
red and beige colors,0
brick exteriors,1
rectangular windows,0
the modern high - rise building,1
light beige coloration,0
a tall rectangular grid pattern,0
black and beige panels,0
"a mid-sized , brown building",1
rectangular windows,0
a large building,1
a cream and black facade,1
decorative features,0
"a large , beige building",1
its rectilinear stone facade,1
inset dark windows,0
a stop,0
"another large , beige building",1
its stone arches,0
"the tall , grey skyscraper",1
its rectangular design and vertical window arrays,0
a medium - sized brown building,1
rectangular windows,0
a dark brown apartment building,1
a horizontal wooden - like texture,0
medium height,0
multiple stories,0
the light brown building,1
a grid,0
large size,0
the beige commercial office building,1
a grid - like pattern,0
dark windows,0
a large multi - story structure,1
the light gray rectangular building,1
multiple windows,0
decorative pillars,0
a medium - sized office building,1
the red brick building,1
a flat roof,1
dark windows,0
a medium - height structure,1
the skyscrapers,1
a commercial or residential building,1
a large beige building,1
its rectangular structure,1
vertical ridged designs,0
minimal windows,0
another large beige structure,1
a rectangular block,1
"a rough , textured surface",0
faint horizontal lines,0
a large beige structure,1
a concrete façade,0
visible horizontal lines,0
a noticeable dark mark,0
a modern minimalist building,1
a structure,1
a facade,1
grey and red colors,0
a grid pattern,0
"a medium - sized , multi - story commercial or residential building",1
"the medium - sized , four - story commercial building",1
a brown and beige brick facade,1
rectangular windows,0
the tall skyscraper,1
a light beige color,0
architectural elements,0
a grid,0
square windows,1
a medium - to - large multi - story office building,1
brown and beige colors,0
rectangular windows,0
brick and concrete patterns,0
a large beige building,1
a brick texture,0
multiple evenly spaced windows,0
a large building rooftop,1
a brownish - red flat roof,1
a textured surface,0
a large beige skyscraper,1
grid - patterned windows,0
a dome - shaped roof,1
the large light gray building,1
multiple windows,0
Gothic architectural elements,0
a large beige building,1
a rectangular shape,0
multiple vertical windows,0
the beige tall skyscraper,1
grid - patterned windows,0
the dark gray commercial building,1
large windows,0
a grid pattern,0
the surrounding structures,1
a gray building,1
rectangular windows,0
a red and gray hotel,0
rounded corners,0
a decorative roof,1
surrounding buildings,1
a beige and red multi - story building,1
arched windows,0
red accents,0
its upper façade,0
a building,1
a large red - brown building,1
a brick texture,0
rectangular windows,0
a large building,1
a brick façade,0
a beige building,1
dark - glass rectangular windows,0
a grid - like pattern,0
its façade,0
a large office building,1
a tall beige building,1
large glass windows,0
vertical alignment,0
a beige mid-rise commercial building,1
a modern façade,0
uniform balcony railings,0
multiple floors,1
a beige building,1
"large , vertical rectangular windows",0
a large building,1
dark tones,0
gradient hues,0
glass panels,0
a modern angular design,0
a medium,0
large - sized office building,1
dark glass,0
slight reflections,0
a brick façade,0
This building,1
large windows,0
its façade,0
a unique indented triangular design,0
the top,0
the light beige office building,1
"tall , rectangular windows",0
a symmetrical design,0
"the large , light gray concrete office building",1
vertical lined windows,0
a medium - sized brown building,1
rectangular windows,0
a flat roof,1
a medium - sized beige office,0
commercial building,1
a flat rooftop,1
minimal detailing,0
evenly spaced rectangular windows,0
its façade,0
the surrounding skyscrapers,1
"a beige - colored , multi - story building",1
rectangular windows,0
its top,0
the right,0
a light beige structure,1
a grid - like pattern,0
a tall white building,1
a large size,0
multiple rectangular windows,0
a prominent vertical structure,1
another large multi - story beige structure,1
this time,0
grid - like windows,0
a medium - to - large modern - style commercial or office building,1
a beige and dark brown facade,1
"thick - framed , symmetrical grid windows",0
rectangular panel details,0
a medium - sized modern building,1
a brown color,0
large high - rise buildings,1
a brown and glassy appearance,0
tall and rectangular forms,0
reflective windows,0
the left,0
a tall brown structure,1
a rectangular shape,0
a significantly tall skyscraper,1
a red - brown uniform,0
nearby buildings,1
a large gray building,1
a tall structure,1
a grid,0
a slight right turn,0
a large dark building,1
a brick pattern facade,1
another slight right turn,0
a large beige building,1
rectangular windows,0
this location,0
a structure,1
a repeating pattern,0
a large office building,1
a tall commercial office building,1
large grid windows,0
reflective glass,0
a dark reflective blue and purple gradient,0
a rooftop terrace,1
its large size,0
white color,0
rectangular windows,0
the right,0
a historic building,1
medium size,0
brown and black colors,0
a flat roof,1
the beige columns,0
fluted shafts,0
the facade,1
a historical building,1
classical architecture,0
slightly veer,0
gray large classical columns,0
vertical grooves,0
neoclassical architecture,0
the large light gray building,1
its rectangular windows,0
a grid pattern,0
the tall and narrow brown building,1
its brick facade,1
multiple dark windows,0
a residential or commercial structure,1
the red - brick structure,1
white trim,0
the edges,0
rectangular windows,0
surrounding buildings,1
a residential or commercial building,1
a flat roof,1
"a large , multi - story building",1
beige and red colors,0
a red storefront base,0
another large building,1
beige color,0
rectangular windows,0
a brick texture,0
a beige landmark building,1
its tall structure,1
small vertical windows,0
textured walls,1
a medium - sized white building,1
rectangular windows,0
a marble - patterned façade,0
a modern office building,1
a white marble - textured exterior,1
dark blue - tinted windows,0
diagonal marble - patterned façade,0
metal frames,0
a medium - sized section,0
a high - rise building,1
the large beige building,1
classical columns,0
multiple windows,0
the beige building,1
vertical lines,0
the light brown urban office building,1
medium height,0
rectangular windows,0
dark tint,0
the gray structure,1
red brick accents,0
dark blue windows,0
a rectangular grid - like pattern,0
segmented columns,0
"-sized , multi - story commercial or office building",1
a structure,1
its beige color,0
vertical windows,0
small balconies,0
a medium height,0
a modern style,0
an office or apartment building,1
a large brick building,1
red - brown color,0
rectangular windows,0
black frames,0
a left,0
a medium - sized commercial building,1
its gray color,0
rectangular shape,0
multiple floors,1
a flat roof,1
a large building,1
"Next , veer",0
a building,1
beige color and red vertical accents,0
moderate size,0
light gray color,0
a medium - large building,1
a white and black exterior,1
a grid,0
a modern facade,1
the gray building,1
its upper - level facade,1
a large urban commercial or office building,1
its gray and burgundy colors,0
arched windows,0
vertical columns,0
rectangular window grids,0
multiple stories,0
"a light gray , large building",1
its tall structure,1
multiple windows,0
another large building,1
rectangular windows,0
a cracked facade,1
several vertically aligned windows,0
notably tall and multi-story,0
either a residential or commercial building,1
"a large , beige office building",1
rectangular windows,0
"a medium - sized , light brown office building",1
a smooth facade,1
the structure,1
its brown and beige color,0
a vertical alignment,0
rectangular sections,0
visible crack lines,0
the surface,0
The building,1
the description,0
a high - rise building,1
"a brick and tiled exterior , curved structure",1
its multi-story size,0
a green traffic light,0
a small circular light - emitting design,0
the left,0
a large cylindrical building,1
brown and white tiles,0
vertical windows,0
a tiled pattern,0
another large gray building,1
a concrete wall,1
a large open doorway,0
a right turn,0
a gray concrete building,1
a brick - textured surface,0
visible rectangular patterns,0
a large brown wall,1
raw concrete,0
the left side,0
the view,0
full visualization,0
the building 's dimensions,1
the beige building,1
large rectangular windows,0
a left,0
a brown commercial building,1
the gray skyscraper,1
vertical windows,0
the light beige / grey building,1
its rectangular structure,1
a flat roof,1
taller buildings,1
a rectangular medium - sized building,1
a dark roof,1
light walls,1
a domed structure,1
"a large , tall building",1
beige color,0
symmetrical window patterns,0
a prominent skyscraper,1
nearby buildings,1
its unique light blue geometric dome,0
multiple small windows,0
a left turn,0
red rectangular structure,1
white pillars,0
a medium - sized building,1
tall skyscraper,1
many windows,0
a large building,1
the grey flat rectangular surface,1
a large building rooftop,1
the light gray series,0
vertical lines,0
dark windows,0
a tall building,1
the gray building,1
a grid,0
large windows,0
a left,0
a light beige skyscraper,1
multiple small windows,0
a beige building,1
"its tall , layered levels",0
a light grey rectangular building,1
medium size,0
a blue and beige skyscraper,1
large rectangular windows,0
a grid - like rooftop pattern,1
a large gray skyscraper,1
vertical rectangular windows,0
a skyscraper,1
its grey,0
blue hues,0
a grid - like window pattern,0
a small beige building,1
a flat roof,1
a rooftop structure,1
a medium - sized dark blue building,1
a dome,0
a large light beige structure,1
a tall rectangular shape,0
a tall building,1
a beige exterior,1
a blue top,0
a large blue geometric structure,1
its surroundings,0
the white skyscraper,1
tall structure,1
large windows,0
"the gray , medium - sized flat - roofed building",1
the light brown tall skyscraper,1
multiple windows,0
the dark brown building,1
modern glazing,0
reflective windows,0
a horizontal alignment,0
"the gray tall , narrow building",1
many windows,0
the gray skyscraper,1
the gray building,1
rectangular windows,0
top edging details,0
the brown building,1
a vertical sequence,0
the tall brown and beige skyscraper,1
a grid pattern,0
the tall building,1
gray vertical rectangular paneling,0
dark window sections,0
the beige tall skyscraper,1
vertical lines,0
the large white building,1
many windows,0
a medium - sized red building,1
a flat roof,1
a rectangular structure,1
"Then , head",0
a large brown - gray skyscraper,1
grid - like windows,0
the beige building,1
rectangular windows,0
horizontal lines,0
a tall stature,0
a large grey building,1
its tall structure,1
vertical lines,0
a dark building,1
"tall , narrow windows",0
"Finally , head",0
a large beige building,1
a rectangular shape,0
many rows,0
a slight left turn,0
a large Art Deco skyscraper,1
its beige and light blue hues,0
geometric design,0
multiple windows,0
a tiered structure,1
"a tall , light beige building",1
dark window slots,0
repeated vertical window patterns,0
a large flat surface,1
sharp edges,0
the light brown building,1
dark windows,0
a left turn,0
distinctive corner structures,1
a significant number,0
the surrounding buildings,1
the large gray road,1
multiple lanes,0
a tall light brown building,1
a vertical structure,1
a large gray governmental or institutional building,1
its large concrete structure,1
two tall structures,1
each side,0
a tall tan skyscraper,1
high - rise office building,1
a grid - like pattern,0
darker panels,0
a significant portion,0
the image,0
the medium - sized building,1
a light gray color,0
a red roof,1
the very tall building,1
intricate rectangular patterns,0
a large skyscraper,1
its beige hue,0
light blue crown,0
the top,0
a unique geometric blue structure,1
"a large , grey city square",1
intersecting roads,1
the right,0
"a large , light grey building",1
"its tall , rectangular structure",1
uniform windows,0
"a large , beige high - rise building",1
multiple windows,0
a blue - colored top,0
a dome,0
rooftop terrace,1
the tall beige building,1
vertical parallel grooves,0
the tall grey,0
blue skyscraper,1
glass windows,0
the large gray building,1
a grid - patterned roof,1
dark window panels,0
"the tall , large , white rectangular building",1
large vertical windows,0
an office building,1
"the tall , large , white modern structure",1
large dark glass windows,0
a commercial building,1
a very large gray skyscraper,1
a tall and smooth surface,1
a large beige building,1
its tall structure,1
vertical windows,0
rectangular design,0
a large light gray skyscraper,1
its tall rectangular shape,0
multiple rows,0
evenly spaced black windows,0
a large building,1
brown and beige colors,0
rectangular windows,0
a grid pattern,0
vertical grooves,0
a modern architectural design,0
a large beige building,1
red bricks,0
"a tall , multi - story structure",1
rectangular windows,0
a significantly taller building,1
a commercial or office skyscraper,1
a pointed antenna,1
the top,0
a light beige skyscraper,1
a rectangular shape,0
a stepped top and vertical rows,0
a gray building,1
a tall rectangular structure,1
vertical lines,0
a beige skyscraper,1
vertical stripes,0
a beige concrete building,1
vertical window alignment,0
wall cracks,1
the large dark gray building,1
its rectangular shape,0
rooftop structures,1
"a large , light brown building",1
"a tall , rectangular structure",1
multiple vertical dark windows,0
a large beige building,1
a rectangular grid pattern,0
vertical black glass,0
a large white office building,1
its vertical window design,0
the gray building,1
large rectangular windows,0
the left,0
the brown building,1
a large brick facade,1
rectangular windows,0
the red building,1
a brick exterior,1
vertical windows,0
the brown high - rise building,1
multiple windows,0
a vertical alignment,0
the large greyish - blue skyscraper,1
a glass facade,1
a grid pattern,0
the large dark grey high - rise office building,1
a grid - like window pattern,0
the medium - sized red commercial building,1
a flat rooftop,1
visible HVAC units,0
the tall dark building,1
rooftop units,1
a small structure,1
"a large , dark brown building",1
"its tall , rectangular structure",1
a grey,0
large modern architecture building,1
multiple vertical windows,0
a left turn,0
"a large , beige building",1
a rectangular design,0
square windows,1
a skyscraper,1
a white and black facade,1
multiple uniformly spaced windows,0
a light gray skyscraper,1
visible vertical lines,0
the beige modern high - rise building,1
tall rectangular windows,0
the light tan skyscraper,1
large rectangular windows,0
"a medium - sized , dark brown rectangular building",1
a flat rooftop,1
minimal windows,0
"a tall , multi - story building",1
a black - and - white glass - panel facade,1
a grid pattern,0
a brown building,1
arched windows,0
medium size,0
a medium - sized building,1
a red exterior,1
vertical lines,0
the building,1
grey and black colors,0
large glass windows,0
lit interiors,0
"a large , towering structure",1
dark colors,0
orange - yellow reflections,0
its grid - like pattern,0
reflective surfaces,0
a forward movement,0
a gray skyscraper,1
its tall structure,1
vertical windows,0
a slight right turn,0
another large gray building,1
a symmetrical design,0
rectangular windows,0
a white building,1
a flat top,0
a symmetrical grid,0
a slight left turn,0
a black building,1
a rectangular façade and horizontal stripes,0
another slight left turn,0
a dark gray cylindrical skyscraper,1
the tallest structure,1
the image,0
vertical glass windows,0
The sequence,0
"a large , green , open grassy area",0
a square,1
"another large , green , open grassy area",0
a square shape,1
"a tall , multi - story dark brown and black building",1
a rectangular structure,1
rooftop equipment,1
visible windows,0
a smaller brown and dark gray rectangular building,1
a rooftop,1
HVAC units,0
the main building,1
the black four - lane road,1
side markings,0
other roads,1
a left turn,0
an open space,0
a smooth surface,1
a square,1
a grey large rooftop,1
a medium - sized building,1
a high - rise office building,1
a black and white glass facade,1
a grid - like pattern,0
the white building,1
multiple rectangular windows,0
tall and multi-story,0
the dark brown building,1
rectangular dimensions,0
numerous windows,0
The sequence,0
a large building,1
a gray and black color scheme,0
a grid - like window pattern,0
a high - rise structure,1
a tall structure,1
a dark black grid design,0
reflective light edges,0
repetitive vertical and horizontal lines,0
the entire view,0
"a tall , modern building",1
a white exterior,1
black grid - like window patterns,0
"a large , multi - story structure",1
a light yellow façade,0
This second building,1
"reflective , textured walls",1
multiple symmetrical grid - like windows,0
a clear separation,0
its right - hand edge,0
a neighboring building,1
the large brick building,1
a brown color,0
multiple windows,0
another large building,1
rectangular windows,0
"Afterward , veer",0
a medium - to - large building,1
an urban environment,0
a gray color,0
a flat rooftop,1
ventilation units,0
a building,1
a medium - sized grey building,1
air conditioning units,0
the rooftop,1
a large dark gray building,1
many windows,0
architectural detailing,0
a dark gray skyscraper,1
rectangular windows,0
a rooftop,1
a building,1
another dark gray structure,1
a brick exterior,1
few visible windows,0
"a tall , multi - story building",1
the black and white building,1
large grid - pattern windows,0
the grey rooftop,1
a medium - sized helipad,0
the dark gray and black skyscraper,1
a large grid - like pattern,0
reflective surface,0
"First , head",0
the gray building,1
large grid - patterned windows,0
the beige building,1
medium - sized windows,0
the white building,1
rectangular windows,0
a flat roof,1
small to medium size,0
the dark gray skyscraper,1
a glass facade,1
a grid - like pattern,0
an area,0
green and gray colors,0
an open space,0
sparse trees,0
multiple buildings,1
This medium - sized location,0
a square or park - like open space,1
"a tall , narrow building",1
a white exterior,1
most notable feature,0
the grid pattern,0
numerous small rectangular windows,0
a large building,1
a grayish - brown color,0
tall stature,0
multiple windows,0
an aged texture,0
This large structure,1
the entire vertical space,0
the right side,0
the scene,0
a large grey building,1
a grid - like facade,1
reflective windows,0
a dominant skyscraper,1
This skyscraper,1
a dark design,0
white grid lines,0
horizontal and vertical grid - like structures,1
the right side,0
the image,0
a dark gray building,1
pinkish accents,0
a flat rooftop,1
HVAC units,0
a slightly weathered texture,0
a gray building,1
minimal structures,1
a gray and black building,1
a distinctive grid - like facade,1
dark panels,0
light grid lines,0
tall and multi-story,0
"a large , green square",1
an open grassy area,0
no structures,1
a medium - to - large white building,1
a rectangular structure,1
multiple windows,0
a structure,1
a color scheme,0
a grid - like facade,1
large rectangular windows and column supports,0
a modern building,1
another structure,1
its white color,0
a rectangular grid - like window pattern,0
medium size,0
an office building,1
the dark brown building,1
a rectangular shape,0
large windows,0
the beige office building,1
a grid pattern,0
rectangular windows,0
the high - rise buildings,1
the background,0
the gray building,1
multiple windows,0
a vertical alignment,0
the white commercial building,1
medium size,0
rectangular windows,0
a grid pattern,0
"a large , dark gray building",1
its rectangular windows,0
uniform structure,1
"a tall , dark building",1
multiple windows,0
a medium - sized dark brick - toned building,1
rectangular windows,0
a grid pattern,0
either commercial or residential purposes,0
"a large , modern skyscraper",1
"a gray - colored , grid - like facade",1
glass windows,0
a large brown building,1
a taller brown brick commercial structure,1
multiple stories,0
a grid,0
square windows,1
the large building,1
a white modern facade,1
square windows,1
the medium - height office building,1
a beige exterior,1
"rectangular , evenly spaced windows",0
a white facade,1
adjacent skyscrapers,1
"a tall , white rectangular structure",1
black windows,0
This building,1
the surrounding structures,1
a residential or commercial purpose,0
the gray building,1
medium - sized rectangular windows,0
the white modern urban building,1
its flat roof,1
symmetric window arrangement,0
a gray building,1
multiple air conditioning units,0
large size,0
another gray building facade,1
rectangular walls,1
shadow cast,0
a grey medium - sized building,1
a concrete facade,1
visible window frames,0
a large gray building,1
a rectangular structure,1
horizontal lines,0
a light gray building,1
multi-storey flat windows,0
another light gray building,1
a balcony,0
a railing and exposed frame structure,1
a large beige modern building,1
the right,0
horizontal windows,0
a small vent,0
the left,0
a golden skyscraper,1
tall grid - patterned windows,0
a very large size,0
a gray building,1
rectangular window frames,0
no glass,0
nearby buildings,1
a large brick building,1
a brown exterior,1
rectangular windows,0
the right,0
a white exterior,1
a medium - sized building,1
commercial and residential purposes,0
light beige walls,1
grid - patterned windows,0
a height,0
the surrounding structures,1
"the large , modern commercial building",1
"a black and white , grid - like façade",0
glass windows,0
"the medium - sized , commercial structure",1
white color,0
vertical slats,0
"the tall , modern skyscraper",1
a reflective glass facade,1
a large size,0
a grid - like pattern,0
the surrounding buildings,1
another modern skyscraper,1
This high - rise building,1
a reflective surface,1
black and beige hues,0
the building,1
beige brick walls,1
arched windows,0
a historic brick building,1
the structure,1
brick exteriors,1
tall and wide dimensions,0
either a residential or commercial building,1
the large office building,1
a golden - brown hue,0
a reflective glass facade,1
a medium - sized building,1
a light grey color,0
a rectangular shape,0
multiple square windows,1
The sequence,0
"a medium - sized , gray building",1
a multi - story structure,1
prominent windows,0
classic architecture,0
"a medium - sized , white building",1
rectangular windows,0
a flat roof,1
black urban multi - story building,1
faintly illuminated windows,0
the center window,0
a textured brick façade,0
the central focus,0
the frame,0
the dark brown commercial building,1
medium - sized glass - block windows,1
a medium - sized commercial or institutional building,1
multiple stories,0
gray color,0
grid glass windows,0
weathered façade,0
notable architectural features,0
a grey building,1
a brick texture,0
many windows,0
a white building,1
rectangular windows,0
medium size,0
a gray building,1
a modern type,0
the dark brick building,1
large glass block windows,1
"large , multi - story",0
a large building,1
brown color,0
rectangular windows,0
a medium - sized structure,1
a dark brown color,0
grid - patterned windows,0
a stone brick facade,1
a residential or commercial building,1
a large dark gray building,1
rectangular grid - like windows,0
open lower arches,0
a medium - to - large dark gray modern commercial building,1
glass block windows,1
a greenish light,0
multiple stories,0
the large white building,1
rectangular windows,0
"a medium - sized , two - story commercial or industrial - style building",1
white color,0
uniform rectangular windows,0
a grid pattern,0
a slightly weathered surface texture,0
"a dark - colored , medium - sized office building",1
modern architecture,0
large glass windows,0
slightly veer,0
the right,0
a white building,1
medium - sized rectangular windows,0
another white structure,1
large black - framed windows,0
a grid pattern,0
a medium - sized commercial or industrial building,1
surrounding ones,0
the modern flat - roofed building,1
multiple small windows,0
surrounding buildings,1
the building,1
large rectangular windows,0
its dark color,0
a commercial building,1
a medium size,0
dark gray walls,1
the upper floors,1
a large gray building,1
"its tall , rectangular shape",0
multiple windows,0
a left turn,0
a white structure,1
"a tall , rectangular design",0
multiple square windows,1
another white building,1
medium size,0
rectangular windows,0
a grid pattern,0
a medium - to - large brown building,1
its brick texture,0
white concrete pillars,0
the structure,1
"a modern , medium - sized dark brown office building",1
grid - like windows,0
darker tones,0
a taller beige building,1
the background,0
a beige modern low - rise building,1
medium size,0
taller surrounding structures,1
rectangular windows,0
dark glass,0
a left turn,0
a dark gray modern building,1
a large size,0
grid - like window patterns,0
a medium - sized brown building,1
rectangular windows and brick textures,0
the white and gray building,1
square windows,1
a grid pattern,0
modern architecture,0
a building,1
"the large , gray modern office building",1
a grid,0
reflective windows,0
a medium - sized modern building,1
a dark color,0
a rectangular structure,1
glass panels,0
vertical columns,0
the large building,1
a brown brick exterior,1
large windows,0
"a tall , modern skyscraper",1
its gray color,0
reflective glass facade,1
grid - like pattern,0
"a medium - sized , modern commercial or office building",1
its black reflective glass panels,0
grid - like structure,1
glass and metallic framework,0
multiple floors,1
a white building,1
a modern cubic design,0
large windows,0
medium size,0
"Next , veer",0
a large gray building,1
a brick facade,1
arched windows,0
a similar structure,1
a historic high - rise,0
another large gray building,1
a modern office building,1
the dark grey gothic building,1
a large size,0
a mid-century urban building,1
a medium - sized modern urban building,1
the foreground,0
a white color,0
rectangular windows,0
a grid pattern,0
another medium - sized modern commercial building,1
prominent features,0
square - shaped dark windows,1
a glowing greenish tint,0
"the large , multi - story building",1
dark gray walls,1
illuminated windows,0
rectangular windows,0
grid patterns,0
the top floors,1
This structure,1
a brick industrial or office building,1
a large gray building,1
a brick texture,0
large rectangular windows,0
another large gray building,1
rectangular windows,0
the tallest building,1
the image,0
a modern office building,1
a glass,0
the upper section,0
a solid structure,1
a gray and brown color scheme,0
a large gray building,1
a rectangular structure,1
multiple windows,0
rooftop details,1
a medium - to - large dark brown brick building,1
large grid - patterned windows,0
red - brown frames,0
textured brick walls,1
a commercial or residential space,0
a white building,1
large rectangular windows,0
a beige building,1
rectangular windows,0
medium size,0
"a medium - sized , brown high - rise building",1
grid patterns,0
This building,1
the large building,1
rectangular windows,0
the large office building,1
its dark purple and brown color,0
"two illuminated , textured walls",1
the mid-sized commercial skyscraper,1
gray color,0
large glass - pane windows,0
wooden frames,0
the grey skyscraper,1
a large tall building,1
rectangular windows,0
the light grey building,1
a flat roof,1
other equipment,0
its surrounding structures,1
either a commercial or residential purpose,0
"a large , modern building",1
a gray color,0
a tall structure,1
multiple windows,0
a contemporary design,0
a medium - sized commercial structure,1
a light gray color,0
a flat rooftop,1
visible HVAC units,0
a scale,0
the surrounding buildings,1
a structure,1
a white and black exterior,1
modern rectangular windows,0
a clean façade,0
a medium size,0
surrounding buildings,1
a commercial building,1
a landmark building,1
beige and red colors,0
a multi - story design,0
a medium - sized building,1
light beige tones,0
wood - textured sections,0
symmetrical rectangular windows,0
wood - textured panels,0
the lower part,0
a flat roof,1
five visible stories,0
either a commercial or residential structure,1
the processed sentence,0
the scattered actions,0
a smooth and fluent description,0
a large modern building,1
a gray color,0
rectangular patterns,0
horizontal slats,0
a large building facade,1
balcony edges,0
horizontal layering,0
a left,0
another large modern building facade,1
its gray color,0
ventilated openings,0
pipe structures,1
a medium - sized modern multi - floor building,1
horizontal window slits,0
glass panels,0
metal dividers,0
a modern skyscraper,1
a gray glass - paneled facade,1
reflective windows,0
horizontal dividers,0
a dark building,1
large glass windows,0
a grid - like pattern,0
a light beige modern office building,1
dark windows,0
"a rectangular , mesh - like grid appearance",0
a grey building,1
grid - like windows,0
a white commercial office building,1
a grid - like window pattern,0
the large beige skyscraper,1
multiple rectangular windows,0
a grid pattern,0
a large gray building,1
a rectangular form,0
horizontal lines,0
a slight left turn,0
another slight left turn,0
a modern high - rise building,1
a gray hue,0
rounded edges,0
the sides,0
"the large , gray , multi - story building",1
classical architecture,0
"the medium - sized , dark grey commercial building",1
roof structures,1
the building,1
a beige color,0
rectangular windows,0
architectural grooves,0
a large size,0
the modern high - rise structure,1
a horizontal louvered design,0
a structure,1
a light gray color,0
distinct horizontal layers,0
open spaces,0
a tall and narrow shape,0
a modern high - rise design,0
a location,0
a beige color,0
repetitive arched windows,0
a tall and prominent size,0
the surrounding buildings,1
a high - rise building,1
a light brown,0
arched windows,0
a linear facade pattern,1
a large art deco skyscraper,1
a light beige building,1
a brick facade,1
vertical window slits,0
a large skyscraper,1
the grey modern high - rise building,1
the right,0
a gray industrial rooftop structure,1
vent openings,0
a gray building,1
rectangular shapes,0
ridged details,0
a dark green medium - sized modern high - rise building,1
square windows,1
an extended top structure,1
"a gray , large , modern building",1
a cylindrical exterior,1
a concrete texture,0
a left turn,0
large building,1
a modern - style design,0
vertical and horizontal rectangular windows,0
a skyscraper,1
"yet another gray , spacious structure",1
a modern geometric facade,1
"a gray , large building",1
geometric windows,0
a concrete exterior,1
"a gray , modern building",1
rounded edges,0
horizontal grooves,0
rectangular windows,0
protruding air conditioning units,0
"the large , gray building",1
a detailed stone,0
arched windows,0
"the large , multi - story",0
dark blue residential or office building,1
rectangular rows,0
"a large , tall metal structure",1
a crane arm,1
its yellow color,0
a construction crane,1
a medium - sized modern urban utility building,1
a gray color,0
rectangular ventilation openings,0
its upper facade,1
a smooth concrete surface,1
the large gray building,1
"its geometric , rectangular shape",0
a medium - sized green modern skyscraper,1
an angled roof,1
multiple slopes,0
the gray - colored building,1
a distinctive grid pattern,0
evenly spaced horizontal lines,0
a moderate height,0
a residential mid,0
the large gray high - rise building,1
a rectangular shape,0
many windows,0
the tall gray commercial building,1
arch - shaped windows,0
rooftop antennas,1
a tall commercial high - rise skyscraper,1
its light beige color,0
vertical rectangular windows,0
a dominating size,0
the surrounding buildings,1
"a large , gray building",1
a rooftop structure,1
"a medium - sized , green modern rooftop structure",1
an angular roof design,1
the top,0
the large gray building,1
a brick texture,0
the large dark building,1
rectangular windows,0
the left side,0
the image,0
the mid-sized building,1
a grey facade,1
a 3 - floor residential / apartment building,1
the beige building,1
a large rectangular grid,0
the dark gray tall rectangular building,1
vertical black window stripes,0
beige tall building,1
multiple protruding vertical elements,0
a blue roof,1
the blue / grey skyscraper,1
a decorative crown,0
the top,0
a large building,1
a blue - gray color,0
curved edges,0
a smooth texture,0
the skyscraper,1
its brown color,0
large size,0
a grid pattern,0
the dark brown skyscraper,1
Irish soap,0
a similar architectural style,0
vertical window patterns,0
This structure,1
the tallest visible structure,1
an antenna,1
the skyscraper,1
a decorative spire,0
This building,1
the image,0
the beige building,1
"a tall , spire - like structure",1
the dark grey skyscraper,1
the tallest structure,1
its immediate vicinity,0
a tall stepped design,0
a distinctive peak,0
a large gray skyscraper,1
its tall structure,1
vertical rows,0
a grey building,1
a windowed facade,1
a large size,0
a gray modern building,1
large rectangular windows,0
a light grey building facade,1
multiple rectangular indents,0
a medium - sized building segment,1
rectangular windows,0
grilles and exterior mounted vents,1
this modern office or residential block,1
a medium - sized structure,1
a large beige building,1
grid - like windows,0
a flat roof,1
"Then , veer",0
another large building,1
rectangular windows,0
a modern design,0
the towering white modern high - rise building,1
the image,0
no visible windows,0
a textured facade,1
vertical and horizontal lines,0
the building,1
a light gray exterior,1
red and blue window patterns,0
a tall structure,1
symmetrical windows,0
distinct colorful designs,0
multiple stories,0
a light gray skyscraper,1
a tall building,1
multiple small arched windows,0
a rooftop area,1
a similarly colored skyscraper,1
"a tall , rectangular structure",1
vertical window patterns,0
a light grey building,1
dark windows,0
its tall and narrow form,0
vertical window columns,0
the tallest buildings,1
the vicinity,0
"a gray , medium - sized modern office",0
utility building,1
a flat rooftop,1
metal structures,1
the large gray building,1
horizontal grooves,0
rectangular openings,0
a large dark blue building,1
a lined wall,1
horizontal panels,0
the large dark grey building,1
a smooth surface,1
horizontal panel lines,0
a large modern office building,1
horizontal rectangular windows,0
a light gray circular layered structure,1
a water tank,0
a monument,0
a slight right turn,0
a grey modern building,1
medium rectangular windows,0
a right turn,0
the light gray skyscraper,1
rectangular windows,0
varying setbacks,0
different levels,0
the gray skyscraper,1
large windows,0
a rectangular shape,0
then slightly veer,0
the gray building,1
a rectangular grid pattern,0
the gray skyscraper,1
a rooftop crane,1
a beige structure,1
the lower center,0
a flat roof,1
central rooftop feature,1
a light gray building,1
its multi - story layout,0
rectangular windows,0
an expanded top section,0
a modern high - rise building,1
vertical windows,0
its significant height,0
a light beige landmark,1
a prominent rectangular structure,1
multiple floors,1
its surrounding buildings,1
"a large , gray building",1
a rectangular facade,1
recessed windows,0
"another large , gray building",1
a rectangular structure,1
stacked levels,0
horizontal grooves,0
"a large , gray residential high - rise",0
black windows,0
a rectangular design,0
"a light gray , medium - sized modern - style building",1
curved edges,0
open sections,0
the facade,1
multiple floors,1
a gray building,1
rectangular windows,0
architectural detailing,0
the light gray building,1
a flat roof,1
medium size,0
the gray skyscraper,1
the surrounding buildings,1
a grid - like window pattern,0
"a tall , large billboard advertising cola",1
"a light grey , medium - sized , multi - story building",1
a large communication tower,1
the rooftop,1
a large beige building,1
rectangular windows,0
a similar large beige multi - story apartment building,1
a large dark gray building,1
horizontal lines,0
a medium gray modern high - rise building,1
the light gray building,1
multiple levels,0
"a large , gray modern high - rise building",1
rectangular shapes,0
evenly spaced horizontal lines,0
"a large , gray building",1
rounded edges,0
a smooth concrete texture,0
"a tall , gray tower crane",1
a metallic framework,0
a right turn,0
rectangular windows,0
an angular rooftop design,1
the beige building,1
large rectangular windows,0
a gray skyscraper,1
numerous horizontal lines,0
the dark gray building,1
a curved facade,1
recessed windows,0
"the large , tall gray building",1
a rectangular shape and horizontal slits,0
a grey skyscraper,1
a vertical light grey stripe,0
the beige building,1
large vertical panels,0
a slight left turn,0
the dark gray skyscraper,1
multiple horizontal window rows,0
"a large , light beige rectangular building",1
rooftop structures,1
a central focus,0
the large gray building,1
its tall structure,1
multiple windows,0
smaller surrounding buildings,1
"a gray , small ventilation unit",0
rectangular vents,0
horizontal slats,0
"a gray , large building structure",1
a concrete - like texture,0
a left,0
"a gray , large building",1
rounded edges,0
"a beige , medium modern building",1
curved edges,0
"a large , modern residential or office building",1
a gray color,0
a design,0
horizontal and vertical panels,0
small windows,0
a large concrete wall,1
rectangular panels,0
horizontal and vertical lines,0
"a tall , modern skyscraper",1
"a grey , grid - like facade",1
rectangular openings,0
the cream building,1
a tall rectangular tower,1
a large size,0
reddish - brown window accents,0
a tall narrow structure,1
a distinctive vertical window design,0
a light gray skyscraper,1
dark window accents,0
arched windows,0
a vertical linear design,0
its surroundings,0
a white rectangular building,1
symmetrical patterns,0
a stepped base,0
nearby structures,1
a large gray building,1
broad vertical dark panels,1
white corner,0
a large grey building,1
a grid pattern,0
a large gray reinforced concrete structure,1
rounded edges,0
another large gray concrete structure,1
a cylindrical shape,0
a large gray high - rise building,1
a rectangular structure,1
multiple windows,0
a large light gray high - rise building,1
vertical lines,0
the facade,1
rooftop antennas,1
a large grey industrial or commercial building,1
a uniform concrete facade,1
horizontal window slits,0
the large building facade,1
a light blue color and horizontal slats,0
the modern building facade,1
gray color,0
rounded corners,0
rectangular cutouts,0
a large gray building,1
a cylindrical feature,0
the dark teal building,1
a modern architectural facade,1
vertical panel design,0
the modern high - rise,0
large windows,0
the building,1
its light gray color,0
dark brown and black window accents,0
This structure,1
a slanted facade,1
large vertical windows,0
the surrounding buildings,1
a large gray building,1
a rooftop,1
another large grey building,1
a multi - level structure,1
evenly spaced horizontal lines,0
a medium - sized gray modern urban high - rise,0
tall green metallic antennas,1
the surrounding high - rises,0
the light beige high - rise building,1
the tallest structure,1
its rectangular windows and sunlight reflection,0
the grey city square,1
major intersection,1
numerous corners,0
a left turn,0
rectangular building,1
a light beige high - rise building,1
rectangular windows,0
rooftop HVAC units,1
the nearby buildings,1
the large gray building,1
its rectangular shape,0
small square protrusions,1
another large gray building,1
the tallest structure,1
prominent antennas,1
a medium light gray commercial building,1
the top,0
several small windows,0
a large brown building,1
flat structures,1
small protruding components,0
a large brown building exterior,1
horizontal slats,0
the majority,0
the frontal view,0
a large louvered vent,0
light fixture,0
"the large , modern high - rise building",1
gray color and horizontal lines,0
rectangular patterns,0
office buildings,1
residential towers,1
the large building,1
a light blue color,0
rectangular windows,0
horizontal bars,0
a dark gray color and rounded corners,0
"the large , modern commercial building",1
a dark gray color,0
horizontal windows,0
the light grey skyscraper,1
a tall building,1
slotted narrow windows,0
the grey building,1
darker accents,0
a flat roof,1
a vent structure,1
This building,1
medium height,0
an urban residential or commercial structure,1
a beige object,0
rounded edges,0
recessed rectangular cutouts,0
a dark mark,0
its curved surface,1
a high - rise building,1
modern architectural design,0
a medium - height rectangular building,1
light grey walls,1
multicolored window panels,0
a vertical window alignment,0
rooftop details,1
the light blue tall skyscraper,1
a grid,0
a large building,1
a large gray building,1
"a tall , narrow structure",1
grid - like window patterns,0
rectangular skyscraper,1
large glass windows,0
numerous columns,0
the base,0
the dark structure,1
reflective glass panels,0
large cylindrical pillars,0
a tall and wide modern high - rise building,1
the light beige building,1
rectangular windows,0
vertical columns,0
the tall residential skyscraper,1
multiple windows,0
a gray and white building,1
"a tall , rectangular structure",1
a vertical window pattern,0
"the tall , light beige building",1
arched windows,0
the tallest building,1
the image,0
a large grey building,1
multiple identical windows,0
a right turn,0
a large grey skyscraper,1
its tall structure,1
a blue construction crane,1
another large skyscraper,1
its gray color,0
curved side,0
vertical window slits,0
a medium - sized light gray building,1
darker accents,0
a curved facade,1
rounded corners,0
multiple small protrusions,0
each floor,1
the buildings,1
a residential or office space,0
a light gray building,1
tall and narrow arched windows,0
surrounding buildings,1
a dark blue - grey modern building,1
multiple large rectangular sections,0
a grey apartment building,1
multiple rectangular windows,0
air conditioning units,0
a building,1
its grey color,0
large size,0
rectangular windows,0
a large building,1
grey color,0
modern architecture,0
horizontal lines,0
vertical edges,0
a large wall panel,1
dark grey color,0
a smooth surface,1
subtle texture,0
a modern facade,1
"a large , green building",1
its rectangular structure,1
distinctive paneling,0
Slightly veer,0
a medium - sized green commercial structure,1
large rooftop ventilation systems,1
a building,1
a light beige color,0
an art deco design,0
vertical lines,0
another building,1
the same light beige hue,0
having stepped setbacks,0
rooftop elements,1
a dark gray structure,1
horizontal slats,0
its large size,0
a building,1
the following sequence,0
a flat rooftop,1
evenly spaced windows,0
gray building,1
"its tall , rectangular structure",1
numerous windows,0
another large ** light gray building,1
its flat rooftop,1
a small central structure,1
the light gray large building,1
its tall structure,1
numerous windows,0
another light gray building,1
its arched windows,0
dark outlines,0
decorative cornices,0
rooftop equipment,1
a size,0
the tall gray building,1
a large rectangular structure,1
"Then , slightly veer",0
the right,0
the green structure,1
a smooth exterior,1
no visible windows,0
neighboring buildings,1
a medium height,0
either a residential or office building,1
"the large , light gray tall rectangular building",1
multiple windows,0
the tall skyscraper,1
its grey color,0
dark window panels,0
vertical glass window sections,0
a flat roof,1
the modern high - rise building,1
its gray color,0
tall stature,0
curved balconies,0
vertical segmentation,0
the building facade,1
horizontal lines,0
a large size,0
the beige residential structure,1
a medium size,0
an open interior,0
a light blue building,1
vertical rectangular windows,0
a grey building wall,1
parallel horizontal lines,0
a dark gray building facade,1
a metallic surface,1
linear patterns,0
a right,0
a grey building facade,1
horizontal louvers,0
"finally , head",0
a dark blue office building,1
horizontal slatted panels,0
a light,0
symmetrical windows,0
a flat roof,1
extended facades,1
a structure,1
a grey color,0
rectangular windows,0
a uniform grid - like pattern,0
a medium - high size,0
a modern style,0
an apartment or office building,1
"First , advance",0
the medium,0
tall building,1
its gray color,0
rectangular windows,0
rooftop structure,1
the right,0
"a large , modern high - rise building",1
grey rounded edges,0
horizontal ridges,0
a large high - rise building,1
gray prominent horizontal grooves,0
the facade,1
a large modern architectural design,0
a facade,1
a subtle warm hue,0
rectangular protrusions,0
recessed windows,0
likely an office or commercial building,1
a light gray building,1
a flat roof,1
rooftop structures,1
medium size,0
a beige smooth tiled surface,1
a large wall,1
a large grey area,0
rounded corners,0
a modern building,1
the beige panel wall surface,1
a medium - sized shadow,0
stain - like mark,0
the center,0
"a medium - sized , square , gray area",1
a flat paved surface,1
surrounding foliage,0
"a tall , light gray building",1
multiple stepped sections,0
large windows,0
a light grey,0
its stepped facade,1
arched windows,0
central column design,0
the large concrete building,1
its grey color,0
"smooth , flat surface",1
rectangular indents,0
the large gray residential apartment building,1
curved balconies,0
a medium - sized white mid-rise building,1
a flat roof,1
multiple large rectangular windows,0
a large gray high - rise building,1
numerous windows,0
the tallest dark gray skyscraper,1
the center,0
its flat roof,1
an antenna structure,1
the surrounding buildings,1
"a large , gray building",1
a flat rooftop,1
slight discoloration,0
a right turn,0
a medium - sized square space,1
a white / gray hue,0
a central large open area,0
a medium - height gray commercial building,1
its rectangular shape,0
lattice windows,0
a rooftop antenna,1
the surrounding buildings,1
a beige wall,1
large vertical grooves,0
a smooth texture,0
some dirt marks,0
a beige building facade,1
noticeable abrasions,0
a prominent dark blur,0
medium - scale size,0
its surroundings,0
"a modern , minimalist design",0
"a gray , medium - sized square paved area",1
a left,0
"a light beige , large building",1
tall windows,0
decorative arches,0
a light gray building,1
orange reflections,0
the windows,0
its columns,0
unique window arrangement,0
a grey building,1
a grid window arrangement,0
tall structure,1
a dark building,1
black rectangular windows,0
most surrounding buildings,1
a high - rise,0
a right - angle corner,0
moderate size,0
a multi - story modern building,1
a large gray building,1
an industrial design,0
multiple rectangular windows,0
"the tall , rectangular building",1
a grey color,0
multiple windows,0
"a similar tall , gray structure",1
a grid - like facade,1
the vicinity,0
a large blue - green building wall,1
its smooth surface and horizontal lines,1
rectangular residential building,1
similar horizontal lines,0
a left turn,0
another gray building,1
prominent air vents,0
its roof,1
a tall gray modern high - rise building,1
a large rectangular shape,0
multiple windows,0
"a green , medium - sized modern office building",1
a vertical white stripe,0
the left side and multiple antennas,1
the roof,1
a gray medium - sized commercial building,1
a flat roof,1
a billboard,1
another gray large multi - story building,1
a facade,1
vertical columns,0
rectangular windows,0
a grid pattern,0
the tan wall,1
large rectangular tiles,0
the brown wall,1
a large smooth surface,1
a large white antenna structure,1
the roof,1
a medium - sized beige / gray commercial building,1
a large brown bottle structure,1
the light grey building,1
multiple columns,0
numerous windows,0
a straight line,0
the modern building,1
a large dark gray facade,1
linear windows,0
a beige and dark blue structure,1
rectangular windows,0
the wall,1
a large building,1
a significant portion,0
the image,0
a modern residential or office building,1
a beige and blue construction,0
horizontal slit windows,0
a modern commercial building,1
"the tall , large , grey skyscraper",1
numerous windows,0
"the tall , light brown building",1
a linear grid - like window pattern,0
both vertical and horizontal elements,0
the light gray building,1
a flat rooftop,1
HVAC units,0
other structural components,0
medium size,0
slightly veer,0
the gray office building,1
a large billboard,1
a car advertisement,0
the light beige commercial skyscraper,1
its large rooftop antenna structure,1
multiple floors,1
the gray building,1
rectangular windows,0
multiple floors,1
the large beige building facade,1
horizontal slats,0
a medium - sized rectangular building,1
a light gray exterior,1
detailed windows,0
roof structures,1
"a large , tall building",1
a gray exterior,1
multiple windows,0
a prominent dark arched entrance,0
the green modern building,1
a blocky facade,1
evenly spaced rectangular panels,0
surrounding buildings,1
the medium - sized grey building,1
the medium - sized white building,1
a rooftop,1
"a light gray , medium - sized , flat - roofed building",1
"a large , grey building",1
"tall , narrow arched windows",0
a stepped design,0
the gray structure,1
horizontal slats,0
thin vertical lines,0
a large size,0
a modern building facade,1
grey rectangular building,1
an antenna,1
the gray skyscraper,1
large rectangular windows,0
a gray skyscraper,1
a billboard,1
a grey tall rectangular structure,1
multiple windows,0
a left,0
a gray tall building,1
another grey building,1
a grid - like window pattern,0
the modern building,1
its large size,0
gray color,0
rectangular windows,0
the next landmark,1
"a large , gray cylindrical building",1
horizontal grooves,0
the modern architectural structure,1
"a large , grey , horizontally extended box - like building",1
the grey building,1
rectangular windows,0
vertical lines,0
rectangular windows,0
a light beige multi - storied structure,1
architectural detailing,0
a medium - height light gray building,1
a flat roof,1
an antenna structure,1
satellite dish,0
the center,0
its surroundings,0
a modern office or apartment building,1
a light gray exterior,1
horizontal paneling,0
evenly spaced recessed window lines,0
a medium - to - large size,0
multiple floors,1
"a very large , tall , multi - tiered building",1
its light beige color,0
brown window frames,0
numerous windows,0
detailed architectural design,0
a tall building,1
light gray color,0
rectangular windows,0
a flat roof,1
a medium - sized building,1
visible rooftop structures,1
a residential or office building,1
the modern gray building facade,1
large rectangular window gaps,0
a uniform grid pattern,0
the modern high - rise building,1
a beige or light gray color,0
large deep window recesses,0
dark interiors,0
the gray building,1
large rectangular windows,0
horizontal bands,0
the tall modern gray high - rise,0
rectangular horizontal window slots,0
a beige building,1
large rectangular grid - like windows,0
a light brown building,1
medium - sized rectangular windows,0
a stone facade,1
a light beige building,1
"tall , narrow structures",1
arched and rectangular shapes,0
the light beige building,1
multiple windows,0
a rectangular shape,0
a rooftop sign,1
a flat roof,1
a light gray building,1
rectangular windows,0
multiple floors,1
classic architectural design,0
a light brown building,1
a light beige rectangular building,1
decorative stonework,0
very large and multi-story,0
a high - rise building,1
the beige building,1
large rectangular windows,0
a vertical structure,1
the tall gray building,1
a rectangular shape,0
multiple rows,0
the light gray building,1
a medium - sized satellite tower,1
the rooftop,1
the large grey building,1
horizontal window slits,0
the tall light grey commercial office building,1
vertical stripes,0
a ladder structure,1
"a gray , tall rectangular building",1
many windows,0
a dark structure,1
reflective windows,0
a grid - like window arrangement,0
the surrounding area,0
the tallest building,1
the center,0
the scene,0
This dark gray structure,1
a rectangular grid - like window pattern,0
a flat rooftop,1
its neighboring buildings,1
a building,1
white and light grey hues,0
rectangular windows,0
multiple stories,0
another building,1
light gray tone,0
prominent arched windows,0
intricate architectural design,0
the surrounding structures,1
the blue - gray building,1
"large , rectangular protrusions",0
horizontal and vertical grooves,0
the gray skyscraper,1
"its large , rectangular windows",0
modern architectural design,0
"a large , grid - like pattern",0
small windows,0
the grey,0
", multi - story modern urban commercial structure",1
rectangular forms,0
grid - like mounted air conditioners,0
"a large , modern building",1
a gray color,0
", rounded corners",0
horizontal grooves,0
a large gray structure,1
a modern concrete design,0
rectangle - shaped indents,0
a small vent unit,0
the upper - left side,0
repeated patterns,0
"the tall , grey rectangular building",1
multiple windows,0
the gray building,1
rectangular windows,0
multiple floors,1
tall and high - rise,0
the grey urban rooftop,1
a medium - sized building,1
a building,1
a beige color,0
weathered appearance,0
dark metallic structures,1
the roof,1
a flat roof,1
prominent black metallic structures,1
other buildings,1
rooftop equipment,1
The structure,1
its surroundings,0
the area,0
"the beige , tall , rectangular building",1
horizontal grooves,0
another structure,1
a horizontal layered facade,1
deep - set rectangular windows,0
This large building,1
a modern high - rise,0
the light brown skyscraper,1
a tall structure,1
multiple levels,0
the gray office building,1
its rectangular shape,0
multiple windows and medium size,0
the next light brown building,1
arched windows,0
"a tall , narrow profile",0
a gray modern building facade,1
"large , rectangular vertical panels",0
a gray structure,1
rectangular openings,0
external air conditioning units,0
a medium - sized modern residential or office building,1
the medium - sized gray apartment building,1
horizontal slats,0
protruding balconies,0
the large gray skyscraper,1
rectangular windows,0
the tall light,0
beige modern building,1
similar window designs,0
the large gray modern building,1
a concrete texture,0
the large light,0
modern high - rise building,1
recessed windows,0
the gray window grille,0
medium - sized horizontal slats,0
"the large , modern high - rise building",1
the large building,1
multiple rounded edges,0
a slight right turn,0
the gray skyscraper,1
modern architecture,0
horizontal lines,0
the medium commercial structure,1
prominent industrial pipes,0
its roof,1
"the light beige , tall , and prominent rectangular structure",1
a consistent pattern,0
the surrounding buildings,1
a high - rise building,1
the medium - sized gray building,1
a tall rectangular structure,1
rooftop details,1
the large steel - gray suspension bridge,1
twin towers,1
a right turn,0
the large red suspension bridge,1
the large dark gray building,1
arched windows,0
a slight stop,0
a symmetric facade,1
rectangular stone windows,0
residential or commercial purposes,0
a grey multi - story structure,1
flat roofs,1
large size,0
a gray high - rise building,1
an antenna,1
its rooftop,1
a dark grey building,1
the surrounding structures,1
a rooftop,1
a crane,1
a light - colored skyscraper,1
its large size,0
vertical windows,0
the large building,1
black and beige colors,0
its large windows,0
multi-story structure,1
"the large , dark gray modern skyscraper",1
grid window patterns,0
"the similarly large , dark gray modern office building",1
a grid - like pattern,0
"the dark , large building",1
a tall rectangular structure,1
many windows,0
the large beige and red building,1
rooftop structures,1
expansive flat surfaces,1
the large grey tall building,1
the skyscraper,1
a dark grey color,0
a grid - like window pattern,0
the vicinity,0
the light beige building,1
brown window accents,0
a skyscraper,1
the gray skyscraper,1
a tall building,1
